Date,Surveyor,Camera_Number,MAX_depth_ft,Site,Area_surveyed_m2,AGLO_size_cm,AGLO_partial_mortality,AGLO_Bleaching,ICRA_size_cm,ICRA_partial_mortality,ICRA_Bleaching,First10m_YN,Notes,Sheet_Name,...15,...16,...17,...18,...19,...20,...21,...22,...23,...24,...25,...26,Lat,Long,Year
3/12/2025,ES,2,22,TUT-215,60,46,0,0,30,5,0,1,all ICRAs in first 10 m,ES_size_PM,NA,NA,NA,NA,NA,NA,NA,NA,NA,NA,NA,NA,-14.243735,-170.669372,2025
3/12/2025,ES,2,22,TUT-215,60,35,10,0,12.5,20,0,1,one aglo in first 10,ES_size_PM,NA,NA,NA,NA,NA,NA,NA,NA,NA,NA,NA,NA,-14.243735,-170.669372,2025
3/12/2025,ES,2,22,TUT-215,60,52,5,0,15,3,0,1,NA,ES_size_PM,NA,NA,NA,NA,NA,NA,NA,NA,NA,NA,NA,NA,-14.243735,-170.669372,2025
3/12/2025,CSC,4,38,TUT-214,60,45,50,0,NA,NA,NA,1,classic,CSC_size_PM,NA,NA,NA,NA,NA,NA,NA,NA,NA,NA,NA,NA,-14.28309,-170.607,2025
3/12/2025,CSC,4,38,TUT-214,60,75,20,0,35,30,0,1,funky,CSC_size_PM,NA,NA,NA,NA,NA,NA,NA,NA,NA,NA,NA,NA,-14.28309,-170.607,2025
3/12/2025,CSC,4,38,TUT-214,60,NA,NA,NA,20,5,0,1,NA,CSC_size_PM,NA,NA,NA,NA,NA,NA,NA,NA,NA,NA,NA,NA,-14.28309,-170.607,2025
3/12/2025,CSC,4,38,TUT-214,60,NA,NA,NA,50,60,0,1,NA,CSC_size_PM,NA,NA,NA,NA,NA,NA,NA,NA,NA,NA,NA,NA,-14.28309,-170.607,2025
3/12/2025,CSC,4,38,TUT-214,60,NA,NA,NA,30,25,0,1,NA,CSC_size_PM,NA,NA,NA,NA,NA,NA,NA,NA,NA,NA,NA,NA,-14.28309,-170.607,2025
3/12/2025,CSC,4,38,TUT-214,60,NA,NA,NA,35,5,0,1,NA,CSC_size_PM,NA,NA,NA,NA,NA,NA,NA,NA,NA,NA,NA,NA,-14.28309,-170.607,2025
3/12/2025,CSC,4,38,TUT-214,60,NA,NA,NA,30,60,0,1,NA,CSC_size_PM,NA,NA,NA,NA,NA,NA,NA,NA,NA,NA,NA,NA,-14.28309,-170.607,2025
3/12/2025,CSC,4,38,TUT-214,60,NA,NA,NA,70,90,0,1,NA,CSC_size_PM,NA,NA,NA,NA,NA,NA,NA,NA,NA,NA,NA,NA,-14.28309,-170.607,2025
3/12/2025,CSC,4,38,TUT-214,60,NA,NA,NA,35,25,0,1,NA,CSC_size_PM,NA,NA,NA,NA,NA,NA,NA,NA,NA,NA,NA,NA,-14.28309,-170.607,2025
3/12/2025,CSC,4,38,TUT-214,60,NA,NA,NA,4,0,0,1,NA,CSC_size_PM,NA,NA,NA,NA,NA,NA,NA,NA,NA,NA,NA,NA,-14.28309,-170.607,2025
3/12/2025,CSC,4,38,TUT-214,60,NA,NA,NA,70,60,0,1,NA,CSC_size_PM,NA,NA,NA,NA,NA,NA,NA,NA,NA,NA,NA,NA,-14.28309,-170.607,2025
3/12/2025,CSC,4,38,TUT-214,60,NA,NA,NA,50,50,0,1,NA,CSC_size_PM,NA,NA,NA,NA,NA,NA,NA,NA,NA,NA,NA,NA,-14.28309,-170.607,2025
3/12/2025,CSC,4,38,TUT-214,60,NA,NA,NA,100,80,0,1,NA,CSC_size_PM,NA,NA,NA,NA,NA,NA,NA,NA,NA,NA,NA,NA,-14.28309,-170.607,2025
3/12/2025,CSC,4,38,TUT-214,60,NA,NA,NA,18,0,0,1,NA,CSC_size_PM,NA,NA,NA,NA,NA,NA,NA,NA,NA,NA,NA,NA,-14.28309,-170.607,2025
3/12/2025,CSC,4,38,TUT-214,60,NA,NA,NA,40,75,0,1,NA,CSC_size_PM,NA,NA,NA,NA,NA,NA,NA,NA,NA,NA,NA,NA,-14.28309,-170.607,2025
3/12/2025,CSC,4,38,TUT-214,60,NA,NA,NA,7,0,0,1,NA,CSC_size_PM,NA,NA,NA,NA,NA,NA,NA,NA,NA,NA,NA,NA,-14.28309,-170.607,2025
3/12/2025,CSC,4,38,TUT-214,60,NA,NA,NA,5,0,0,1,NA,CSC_size_PM,NA,NA,NA,NA,NA,NA,NA,NA,NA,NA,NA,NA,-14.28309,-170.607,2025
3/12/2025,CSC,4,38,TUT-214,60,NA,NA,NA,34,10,0,1,NA,CSC_size_PM,NA,NA,NA,NA,NA,NA,NA,NA,NA,NA,NA,NA,-14.28309,-170.607,2025
3/12/2025,CSC,4,38,TUT-214,60,NA,NA,NA,5,0,0,1,NA,CSC_size_PM,NA,NA,NA,NA,NA,NA,NA,NA,NA,NA,NA,NA,-14.28309,-170.607,2025
3/12/2025,CSC,4,38,TUT-214,60,NA,NA,NA,4,0,0,1,NA,CSC_size_PM,NA,NA,NA,NA,NA,NA,NA,NA,NA,NA,NA,NA,-14.28309,-170.607,2025
3/12/2025,CSC,4,38,TUT-214,60,NA,NA,NA,11,10,0,1,NA,CSC_size_PM,NA,NA,NA,NA,NA,NA,NA,NA,NA,NA,NA,NA,-14.28309,-170.607,2025
3/12/2025,CSC,4,38,TUT-214,60,NA,NA,NA,6,0,0,1,NA,CSC_size_PM,NA,NA,NA,NA,NA,NA,NA,NA,NA,NA,NA,NA,-14.28309,-170.607,2025
3/12/2025,CSC,4,38,TUT-214,60,NA,NA,NA,6,0,0,1,NA,CSC_size_PM,NA,NA,NA,NA,NA,NA,NA,NA,NA,NA,NA,NA,-14.28309,-170.607,2025
3/12/2025,CSC,4,38,TUT-214,60,NA,NA,NA,7,0,0,1,NA,CSC_size_PM,NA,NA,NA,NA,NA,NA,NA,NA,NA,NA,NA,NA,-14.28309,-170.607,2025
3/12/2025,CSC,4,38,TUT-214,60,NA,NA,NA,3,0,0,1,NA,CSC_size_PM,NA,NA,NA,NA,NA,NA,NA,NA,NA,NA,NA,NA,-14.28309,-170.607,2025
3/12/2025,CSC,4,38,TUT-214,60,NA,NA,NA,5,0,0,1,NA,CSC_size_PM,NA,NA,NA,NA,NA,NA,NA,NA,NA,NA,NA,NA,-14.28309,-170.607,2025
3/12/2025,CSC,4,38,TUT-214,60,NA,NA,NA,5,0,0,1,NA,CSC_size_PM,NA,NA,NA,NA,NA,NA,NA,NA,NA,NA,NA,NA,-14.28309,-170.607,2025
3/12/2025,CSC,4,38,TUT-214,60,NA,NA,NA,6,0,0,1,NA,CSC_size_PM,NA,NA,NA,NA,NA,NA,NA,NA,NA,NA,NA,NA,-14.28309,-170.607,2025
3/12/2025,CSC,4,38,TUT-214,60,NA,NA,NA,5,0,0,1,NA,CSC_size_PM,NA,NA,NA,NA,NA,NA,NA,NA,NA,NA,NA,NA,-14.28309,-170.607,2025
3/12/2025,CSC,4,38,TUT-214,60,NA,NA,NA,5,0,0,1,NA,CSC_size_PM,NA,NA,NA,NA,NA,NA,NA,NA,NA,NA,NA,NA,-14.28309,-170.607,2025
3/12/2025,CSC,4,38,TUT-214,60,NA,NA,NA,50,20,0,1,NA,CSC_size_PM,NA,NA,NA,NA,NA,NA,NA,NA,NA,NA,NA,NA,-14.28309,-170.607,2025
3/12/2025,KT,3,30,TUT-214,60,NA,NA,NA,35,5,0,1,NA,KT_size_PM,NA,NA,NA,NA,NA,NA,NA,NA,NA,NA,NA,NA,-14.28309,-170.607,2025
3/12/2025,KT,3,30,TUT-214,60,NA,NA,NA,45,95,0,1,NA,KT_size_PM,NA,NA,NA,NA,NA,NA,NA,NA,NA,NA,NA,NA,-14.28309,-170.607,2025
3/12/2025,KT,3,30,TUT-214,60,NA,NA,NA,15,5,0,1,NA,KT_size_PM,NA,NA,NA,NA,NA,NA,NA,NA,NA,NA,NA,NA,-14.28309,-170.607,2025
3/12/2025,KT,3,30,TUT-214,60,NA,NA,NA,5,0,0,1,NA,KT_size_PM,NA,NA,NA,NA,NA,NA,NA,NA,NA,NA,NA,NA,-14.28309,-170.607,2025
3/12/2025,KT,3,30,TUT-214,60,NA,NA,NA,5,0,0,1,NA,KT_size_PM,NA,NA,NA,NA,NA,NA,NA,NA,NA,NA,NA,NA,-14.28309,-170.607,2025
3/12/2025,KT,3,30,TUT-214,60,NA,NA,NA,10,0,0,1,NA,KT_size_PM,NA,NA,NA,NA,NA,NA,NA,NA,NA,NA,NA,NA,-14.28309,-170.607,2025
3/12/2025,KT,3,30,TUT-214,60,NA,NA,NA,75,80,0,1,NA,KT_size_PM,NA,NA,NA,NA,NA,NA,NA,NA,NA,NA,NA,NA,-14.28309,-170.607,2025
3/12/2025,KT,3,30,TUT-214,60,NA,NA,NA,15,0,0,1,NA,KT_size_PM,NA,NA,NA,NA,NA,NA,NA,NA,NA,NA,NA,NA,-14.28309,-170.607,2025
3/12/2025,KT,3,30,TUT-214,60,NA,NA,NA,30,5,0,1,NA,KT_size_PM,NA,NA,NA,NA,NA,NA,NA,NA,NA,NA,NA,NA,-14.28309,-170.607,2025
3/12/2025,KT,3,30,TUT-214,60,NA,NA,NA,10,0,0,1,NA,KT_size_PM,NA,NA,NA,NA,NA,NA,NA,NA,NA,NA,NA,NA,-14.28309,-170.607,2025
3/12/2025,KT,3,30,TUT-214,60,NA,NA,NA,55,5,0,1,NA,KT_size_PM,NA,NA,NA,NA,NA,NA,NA,NA,NA,NA,NA,NA,-14.28309,-170.607,2025
3/12/2025,KT,3,30,TUT-214,60,NA,NA,NA,30,70,0,1,NA,KT_size_PM,NA,NA,NA,NA,NA,NA,NA,NA,NA,NA,NA,NA,-14.28309,-170.607,2025
3/12/2025,KT,3,30,TUT-214,60,NA,NA,NA,40,10,0,1,NA,KT_size_PM,NA,NA,NA,NA,NA,NA,NA,NA,NA,NA,NA,NA,-14.28309,-170.607,2025
3/12/2025,KT,3,30,TUT-214,60,NA,NA,NA,10,0,0,1,NA,KT_size_PM,NA,NA,NA,NA,NA,NA,NA,NA,NA,NA,NA,NA,-14.28309,-170.607,2025
3/12/2025,KT,3,30,TUT-214,60,NA,NA,NA,40,15,0,1,NA,KT_size_PM,NA,NA,NA,NA,NA,NA,NA,NA,NA,NA,NA,NA,-14.28309,-170.607,2025
3/12/2025,KT,3,30,TUT-214,60,NA,NA,NA,10,10,0,1,NA,KT_size_PM,NA,NA,NA,NA,NA,NA,NA,NA,NA,NA,NA,NA,-14.28309,-170.607,2025
3/12/2025,KT,3,30,TUT-214,60,NA,NA,NA,40,10,0,1,NA,KT_size_PM,NA,NA,NA,NA,NA,NA,NA,NA,NA,NA,NA,NA,-14.28309,-170.607,2025
3/12/2025,KT,3,30,TUT-214,60,NA,NA,NA,35,10,0,1,NA,KT_size_PM,NA,NA,NA,NA,NA,NA,NA,NA,NA,NA,NA,NA,-14.28309,-170.607,2025
3/12/2025,KT,3,30,TUT-214,60,NA,NA,NA,80,95,0,1,NA,KT_size_PM,NA,NA,NA,NA,NA,NA,NA,NA,NA,NA,NA,NA,-14.28309,-170.607,2025
3/12/2025,KT,3,30,TUT-214,60,NA,NA,NA,15,0,0,1,NA,KT_size_PM,NA,NA,NA,NA,NA,NA,NA,NA,NA,NA,NA,NA,-14.28309,-170.607,2025
3/12/2025,KT,3,30,TUT-214,60,NA,NA,NA,15,20,0,1,NA,KT_size_PM,NA,NA,NA,NA,NA,NA,NA,NA,NA,NA,NA,NA,-14.28309,-170.607,2025
3/12/2025,KT,3,30,TUT-214,60,NA,NA,NA,25,0,0,1,NA,KT_size_PM,NA,NA,NA,NA,NA,NA,NA,NA,NA,NA,NA,NA,-14.28309,-170.607,2025
3/12/2025,KT,3,30,TUT-214,60,NA,NA,NA,5,0,0,1,NA,KT_size_PM,NA,NA,NA,NA,NA,NA,NA,NA,NA,NA,NA,NA,-14.28309,-170.607,2025
3/12/2025,KT,3,30,TUT-214,60,NA,NA,NA,20,0,0,1,NA,KT_size_PM,NA,NA,NA,NA,NA,NA,NA,NA,NA,NA,NA,NA,-14.28309,-170.607,2025
3/12/2025,KT,3,30,TUT-214,60,NA,NA,NA,50,0,0,1,NA,KT_size_PM,NA,NA,NA,NA,NA,NA,NA,NA,NA,NA,NA,NA,-14.28309,-170.607,2025
3/12/2025,KT,3,30,TUT-214,60,NA,NA,NA,35,15,0,1,NA,KT_size_PM,NA,NA,NA,NA,NA,NA,NA,NA,NA,NA,NA,NA,-14.28309,-170.607,2025
3/12/2025,KT,3,30,TUT-214,60,NA,NA,NA,50,90,0,1,NA,KT_size_PM,NA,NA,NA,NA,NA,NA,NA,NA,NA,NA,NA,NA,-14.28309,-170.607,2025
3/12/2025,KT,3,30,TUT-214,60,NA,NA,NA,40,15,0,1,NA,KT_size_PM,NA,NA,NA,NA,NA,NA,NA,NA,NA,NA,NA,NA,-14.28309,-170.607,2025
3/12/2025,KT,3,30,TUT-214,60,NA,NA,NA,35,15,0,1,NA,KT_size_PM,NA,NA,NA,NA,NA,NA,NA,NA,NA,NA,NA,NA,-14.28309,-170.607,2025
3/12/2025,KT,3,30,TUT-214,60,NA,NA,NA,15,0,0,1,NA,KT_size_PM,NA,NA,NA,NA,NA,NA,NA,NA,NA,NA,NA,NA,-14.28309,-170.607,2025
3/12/2025,KT,3,30,TUT-215,60,40,5,0,30,20,0,1,NA,KT_size_PM,NA,NA,NA,NA,NA,NA,NA,NA,NA,NA,NA,NA,-14.243735,-170.669372,2025
3/12/2025,KT,3,30,TUT-215,60,40,20,0,NA,NA,NA,0,NA,KT_size_PM,NA,NA,NA,NA,NA,NA,NA,NA,NA,NA,NA,NA,-14.243735,-170.669372,2025
3/12/2025,KT,3,30,TUT-215,60,30,90,0,NA,NA,NA,0,NA,KT_size_PM,NA,NA,NA,NA,NA,NA,NA,NA,NA,NA,NA,NA,-14.243735,-170.669372,2025
3/12/2025,BH,1,34,TUT-215,60,28,40,0,16,2,0,1,Classic,BH_size_PM,NA,NA,NA,NA,NA,NA,NA,NA,NA,NA,NA,NA,-14.243735,-170.669372,2025
3/12/2025,BH,1,34,TUT-215,60,38,5,0,11,20,0,1,Funky,BH_size_PM,NA,NA,NA,NA,NA,NA,NA,NA,NA,NA,NA,NA,-14.243735,-170.669372,2025
3/12/2025,BH,1,34,TUT-215,60,21,0,0,29,70,0,1,Classic,BH_size_PM,NA,NA,NA,NA,NA,NA,NA,NA,NA,NA,NA,NA,-14.243735,-170.669372,2025
3/12/2025,BH,1,34,TUT-215,60,40,0,0,46,50,0,1,Classic,BH_size_PM,NA,NA,NA,NA,NA,NA,NA,NA,NA,NA,NA,NA,-14.243735,-170.669372,2025
3/12/2025,BH,1,34,TUT-215,60,29,1,0,52,50,0,1,Classic,BH_size_PM,NA,NA,NA,NA,NA,NA,NA,NA,NA,NA,NA,NA,-14.243735,-170.669372,2025
3/12/2025,BH,1,47,TUT-214,60,21,3,0,22,2,0,1,NA,BH_size_PM,NA,NA,NA,NA,NA,NA,NA,NA,NA,NA,NA,NA,-14.28309,-170.607,2025
3/12/2025,BH,1,47,TUT-214,60,29,15,0,31,85,0,1,NA,BH_size_PM,NA,NA,NA,NA,NA,NA,NA,NA,NA,NA,NA,NA,-14.28309,-170.607,2025
3/12/2025,BH,1,47,TUT-214,60,NA,NA,NA,41,45,0,1,NA,BH_size_PM,NA,NA,NA,NA,NA,NA,NA,NA,NA,NA,NA,NA,-14.28309,-170.607,2025
3/12/2025,BH,1,47,TUT-214,60,NA,NA,NA,62,45,0,1,NA,BH_size_PM,NA,NA,NA,NA,NA,NA,NA,NA,NA,NA,NA,NA,-14.28309,-170.607,2025
3/12/2025,BH,1,47,TUT-214,60,NA,NA,NA,49,55,0,1,NA,BH_size_PM,NA,NA,NA,NA,NA,NA,NA,NA,NA,NA,NA,NA,-14.28309,-170.607,2025
3/12/2025,BH,1,47,TUT-214,60,NA,NA,NA,18,2,0,1,NA,BH_size_PM,NA,NA,NA,NA,NA,NA,NA,NA,NA,NA,NA,NA,-14.28309,-170.607,2025
3/12/2025,BH,1,47,TUT-214,60,NA,NA,NA,70,60,0,1,NA,BH_size_PM,NA,NA,NA,NA,NA,NA,NA,NA,NA,NA,NA,NA,-14.28309,-170.607,2025
3/12/2025,BH,1,47,TUT-214,60,NA,NA,NA,17,0,0,1,NA,BH_size_PM,NA,NA,NA,NA,NA,NA,NA,NA,NA,NA,NA,NA,-14.28309,-170.607,2025
3/12/2025,BH,1,47,TUT-214,60,NA,NA,NA,140,70,0,1,NA,BH_size_PM,NA,NA,NA,NA,NA,NA,NA,NA,NA,NA,NA,NA,-14.28309,-170.607,2025
3/12/2025,BH,1,47,TUT-214,60,NA,NA,NA,27,0,0,1,NA,BH_size_PM,NA,NA,NA,NA,NA,NA,NA,NA,NA,NA,NA,NA,-14.28309,-170.607,2025
3/12/2025,BH,1,47,TUT-214,60,NA,NA,NA,68,95,0,1,NA,BH_size_PM,NA,NA,NA,NA,NA,NA,NA,NA,NA,NA,NA,NA,-14.28309,-170.607,2025
3/12/2025,BH,1,47,TUT-214,60,NA,NA,NA,6,0,0,1,NA,BH_size_PM,NA,NA,NA,NA,NA,NA,NA,NA,NA,NA,NA,NA,-14.28309,-170.607,2025
3/12/2025,BH,1,47,TUT-214,60,NA,NA,NA,8,0,0,1,NA,BH_size_PM,NA,NA,NA,NA,NA,NA,NA,NA,NA,NA,NA,NA,-14.28309,-170.607,2025
3/12/2025,BH,1,47,TUT-214,60,NA,NA,NA,5,0,0,1,NA,BH_size_PM,NA,NA,NA,NA,NA,NA,NA,NA,NA,NA,NA,NA,-14.28309,-170.607,2025
3/12/2025,BH,1,47,TUT-214,60,NA,NA,NA,6,0,0,1,NA,BH_size_PM,NA,NA,NA,NA,NA,NA,NA,NA,NA,NA,NA,NA,-14.28309,-170.607,2025
3/12/2025,BH,1,47,TUT-214,60,NA,NA,NA,7,0,0,1,NA,BH_size_PM,NA,NA,NA,NA,NA,NA,NA,NA,NA,NA,NA,NA,-14.28309,-170.607,2025
3/12/2025,BH,1,47,TUT-214,60,NA,NA,NA,6,0,0,1,NA,BH_size_PM,NA,NA,NA,NA,NA,NA,NA,NA,NA,NA,NA,NA,-14.28309,-170.607,2025
3/12/2025,BH,1,47,TUT-214,60,NA,NA,NA,10,0,0,1,NA,BH_size_PM,NA,NA,NA,NA,NA,NA,NA,NA,NA,NA,NA,NA,-14.28309,-170.607,2025
3/12/2025,BH,1,47,TUT-214,60,NA,NA,NA,6,0,0,1,NA,BH_size_PM,NA,NA,NA,NA,NA,NA,NA,NA,NA,NA,NA,NA,-14.28309,-170.607,2025
3/12/2025,BH,1,47,TUT-214,60,NA,NA,NA,65,98,0,1,NA,BH_size_PM,NA,NA,NA,NA,NA,NA,NA,NA,NA,NA,NA,NA,-14.28309,-170.607,2025
3/12/2025,BH,1,47,TUT-214,60,NA,NA,NA,14,0,0,1,NA,BH_size_PM,NA,NA,NA,NA,NA,NA,NA,NA,NA,NA,NA,NA,-14.28309,-170.607,2025
3/12/2025,BH,1,47,TUT-214,60,NA,NA,NA,11,0,0,1,NA,BH_size_PM,NA,NA,NA,NA,NA,NA,NA,NA,NA,NA,NA,NA,-14.28309,-170.607,2025
3/12/2025,BH,1,47,TUT-214,60,NA,NA,NA,97,90,0,1,NA,BH_size_PM,NA,NA,NA,NA,NA,NA,NA,NA,NA,NA,NA,NA,-14.28309,-170.607,2025
3/12/2025,BH,1,47,TUT-214,60,NA,NA,NA,35,65,0,1,NA,BH_size_PM,NA,NA,NA,NA,NA,NA,NA,NA,NA,NA,NA,NA,-14.28309,-170.607,2025
3/12/2025,BH,1,47,TUT-214,60,NA,NA,NA,105,85,0,1,NA,BH_size_PM,NA,NA,NA,NA,NA,NA,NA,NA,NA,NA,NA,NA,-14.28309,-170.607,2025
3/12/2025,BH,1,47,TUT-214,60,NA,NA,NA,47,95,0,1,NA,BH_size_PM,NA,NA,NA,NA,NA,NA,NA,NA,NA,NA,NA,NA,-14.28309,-170.607,2025
3/13/2025,ES,2,43,TUT-171,60,NA,NA,NA,120,95,0,1,NA,ES_size_PM,NA,NA,NA,NA,NA,NA,NA,NA,NA,NA,NA,NA,-14.332425,-170.824373,2025
3/13/2025,ES,2,43,TUT-171,60,NA,NA,NA,126,60,0,1,NA,ES_size_PM,NA,NA,NA,NA,NA,NA,NA,NA,NA,NA,NA,NA,-14.332425,-170.824373,2025
3/13/2025,ES,2,43,TUT-171,60,NA,NA,NA,50,80,0,1,NA,ES_size_PM,NA,NA,NA,NA,NA,NA,NA,NA,NA,NA,NA,NA,-14.332425,-170.824373,2025
3/13/2025,ES,2,43,TUT-171,60,NA,NA,NA,100,80,0,1,NA,ES_size_PM,NA,NA,NA,NA,NA,NA,NA,NA,NA,NA,NA,NA,-14.332425,-170.824373,2025
3/13/2025,ES,2,43,TUT-171,60,NA,NA,NA,70,50,0,1,NA,ES_size_PM,NA,NA,NA,NA,NA,NA,NA,NA,NA,NA,NA,NA,-14.332425,-170.824373,2025
3/13/2025,ES,2,43,TUT-171,60,NA,NA,NA,35,95,0,1,NA,ES_size_PM,NA,NA,NA,NA,NA,NA,NA,NA,NA,NA,NA,NA,-14.332425,-170.824373,2025
3/13/2025,ES,2,43,TUT-171,60,NA,NA,NA,75,90,0,1,NA,ES_size_PM,NA,NA,NA,NA,NA,NA,NA,NA,NA,NA,NA,NA,-14.332425,-170.824373,2025
3/13/2025,ES,2,43,TUT-171,60,NA,NA,NA,112.5,90,0,1,NA,ES_size_PM,NA,NA,NA,NA,NA,NA,NA,NA,NA,NA,NA,NA,-14.332425,-170.824373,2025
3/13/2025,ES,2,43,TUT-171,60,NA,NA,NA,30,80,0,1,NA,ES_size_PM,NA,NA,NA,NA,NA,NA,NA,NA,NA,NA,NA,NA,-14.332425,-170.824373,2025
3/13/2025,ES,2,43,TUT-171,60,NA,NA,NA,47.5,95,0,1,NA,ES_size_PM,NA,NA,NA,NA,NA,NA,NA,NA,NA,NA,NA,NA,-14.332425,-170.824373,2025
3/13/2025,ES,2,43,TUT-171,60,NA,NA,NA,117.5,95,0,1,NA,ES_size_PM,NA,NA,NA,NA,NA,NA,NA,NA,NA,NA,NA,NA,-14.332425,-170.824373,2025
3/13/2025,ES,2,43,TUT-171,60,NA,NA,NA,35,40,0,1,NA,ES_size_PM,NA,NA,NA,NA,NA,NA,NA,NA,NA,NA,NA,NA,-14.332425,-170.824373,2025
3/13/2025,ES,2,43,TUT-171,60,NA,NA,NA,52.5,65,0,1,NA,ES_size_PM,NA,NA,NA,NA,NA,NA,NA,NA,NA,NA,NA,NA,-14.332425,-170.824373,2025
3/13/2025,ES,2,43,TUT-171,60,NA,NA,NA,75,80,0,1,NA,ES_size_PM,NA,NA,NA,NA,NA,NA,NA,NA,NA,NA,NA,NA,-14.332425,-170.824373,2025
3/13/2025,ES,2,43,TUT-171,60,NA,NA,NA,45,95,0,1,^^ first 10 m ^^ (including this one),ES_size_PM,NA,NA,NA,NA,NA,NA,NA,NA,NA,NA,NA,NA,-14.332425,-170.824373,2025
3/13/2025,ES,2,43,TUT-171,60,NA,NA,NA,80,40,0,0,NA,ES_size_PM,NA,NA,NA,NA,NA,NA,NA,NA,NA,NA,NA,NA,-14.332425,-170.824373,2025
3/13/2025,ES,2,43,TUT-171,60,NA,NA,NA,50,90,0,0,NA,ES_size_PM,NA,NA,NA,NA,NA,NA,NA,NA,NA,NA,NA,NA,-14.332425,-170.824373,2025
3/13/2025,ES,2,43,TUT-171,60,NA,NA,NA,60,96,0,0,NA,ES_size_PM,NA,NA,NA,NA,NA,NA,NA,NA,NA,NA,NA,NA,-14.332425,-170.824373,2025
3/13/2025,ES,2,43,TUT-171,60,NA,NA,NA,65,90,0,0,NA,ES_size_PM,NA,NA,NA,NA,NA,NA,NA,NA,NA,NA,NA,NA,-14.332425,-170.824373,2025
3/13/2025,ES,2,43,TUT-171,60,NA,NA,NA,45,98,0,0,NA,ES_size_PM,NA,NA,NA,NA,NA,NA,NA,NA,NA,NA,NA,NA,-14.332425,-170.824373,2025
3/13/2025,ES,2,43,TUT-171,60,NA,NA,NA,22.5,35,0,0,NA,ES_size_PM,NA,NA,NA,NA,NA,NA,NA,NA,NA,NA,NA,NA,-14.332425,-170.824373,2025
3/13/2025,ES,2,43,TUT-171,60,NA,NA,NA,30,10,0,0,NA,ES_size_PM,NA,NA,NA,NA,NA,NA,NA,NA,NA,NA,NA,NA,-14.332425,-170.824373,2025
3/13/2025,ES,2,43,TUT-171,60,NA,NA,NA,30,80,0,0,NA,ES_size_PM,NA,NA,NA,NA,NA,NA,NA,NA,NA,NA,NA,NA,-14.332425,-170.824373,2025
3/13/2025,ES,2,43,TUT-171,60,NA,NA,NA,45,70,0,0,NA,ES_size_PM,NA,NA,NA,NA,NA,NA,NA,NA,NA,NA,NA,NA,-14.332425,-170.824373,2025
3/13/2025,ES,2,43,TUT-171,60,NA,NA,NA,75,15,0,0,NA,ES_size_PM,NA,NA,NA,NA,NA,NA,NA,NA,NA,NA,NA,NA,-14.332425,-170.824373,2025
3/13/2025,ES,2,43,TUT-171,60,NA,NA,NA,25,85,0,0,NA,ES_size_PM,NA,NA,NA,NA,NA,NA,NA,NA,NA,NA,NA,NA,-14.332425,-170.824373,2025
3/13/2025,ES,2,43,TUT-171,60,NA,NA,NA,75,98,0,0,NA,ES_size_PM,NA,NA,NA,NA,NA,NA,NA,NA,NA,NA,NA,NA,-14.332425,-170.824373,2025
3/13/2025,ES,2,43,TUT-171,60,NA,NA,NA,125,85,0,0,NA,ES_size_PM,NA,NA,NA,NA,NA,NA,NA,NA,NA,NA,NA,NA,-14.332425,-170.824373,2025
3/13/2025,ES,2,43,TUT-171,60,NA,NA,NA,105,90,0,0,NA,ES_size_PM,NA,NA,NA,NA,NA,NA,NA,NA,NA,NA,NA,NA,-14.332425,-170.824373,2025
3/13/2025,ES,2,43,TUT-171,60,NA,NA,NA,105,95,0,0,plus extra 50 ICRA,ES_size_PM,NA,NA,NA,NA,NA,NA,NA,NA,NA,NA,NA,NA,-14.332425,-170.824373,2025
3/13/2025,ES,2,31,TUT-066,60,44,0,0,NA,NA,NA,NA,NA,ES_size_PM,NA,NA,NA,NA,NA,NA,NA,NA,NA,NA,NA,NA,-14.2873,-170.739,2025
3/13/2025,ES,2,31,TUT-066,60,25,0,0,NA,NA,NA,NA,NA,ES_size_PM,NA,NA,NA,NA,NA,NA,NA,NA,NA,NA,NA,NA,-14.2873,-170.739,2025
3/13/2025,CSC,4,36,TUT-171,60,44,10,0,22,10,0,1,NA,CSC_size_PM,NA,NA,NA,NA,NA,NA,NA,NA,NA,NA,NA,NA,-14.332425,-170.824373,2025
3/13/2025,CSC,4,36,TUT-171,60,NA,NA,NA,55,66,0,1,NA,CSC_size_PM,NA,NA,NA,NA,NA,NA,NA,NA,NA,NA,NA,NA,-14.332425,-170.824373,2025
3/13/2025,CSC,4,36,TUT-171,60,NA,NA,NA,40,80,0,1,NA,CSC_size_PM,NA,NA,NA,NA,NA,NA,NA,NA,NA,NA,NA,NA,-14.332425,-170.824373,2025
3/13/2025,CSC,4,36,TUT-171,60,NA,NA,NA,17,0,0,1,NA,CSC_size_PM,NA,NA,NA,NA,NA,NA,NA,NA,NA,NA,NA,NA,-14.332425,-170.824373,2025
3/13/2025,CSC,4,36,TUT-171,60,NA,NA,NA,45,75,0,1,NA,CSC_size_PM,NA,NA,NA,NA,NA,NA,NA,NA,NA,NA,NA,NA,-14.332425,-170.824373,2025
3/13/2025,CSC,4,36,TUT-171,60,NA,NA,NA,19,10,0,1,NA,CSC_size_PM,NA,NA,NA,NA,NA,NA,NA,NA,NA,NA,NA,NA,-14.332425,-170.824373,2025
3/13/2025,CSC,4,36,TUT-171,60,NA,NA,NA,65,90,0,1,NA,CSC_size_PM,NA,NA,NA,NA,NA,NA,NA,NA,NA,NA,NA,NA,-14.332425,-170.824373,2025
3/13/2025,CSC,4,36,TUT-171,60,NA,NA,NA,17,75,0,1,NA,CSC_size_PM,NA,NA,NA,NA,NA,NA,NA,NA,NA,NA,NA,NA,-14.332425,-170.824373,2025
3/13/2025,CSC,4,36,TUT-171,60,NA,NA,NA,35,80,0,1,NA,CSC_size_PM,NA,NA,NA,NA,NA,NA,NA,NA,NA,NA,NA,NA,-14.332425,-170.824373,2025
3/13/2025,CSC,4,36,TUT-171,60,NA,NA,NA,65,95,0,1,NA,CSC_size_PM,NA,NA,NA,NA,NA,NA,NA,NA,NA,NA,NA,NA,-14.332425,-170.824373,2025
3/13/2025,CSC,4,36,TUT-171,60,NA,NA,NA,50,85,0,1,NA,CSC_size_PM,NA,NA,NA,NA,NA,NA,NA,NA,NA,NA,NA,NA,-14.332425,-170.824373,2025
3/13/2025,CSC,4,36,TUT-171,60,NA,NA,NA,30,60,0,1,NA,CSC_size_PM,NA,NA,NA,NA,NA,NA,NA,NA,NA,NA,NA,NA,-14.332425,-170.824373,2025
3/13/2025,CSC,4,36,TUT-171,60,NA,NA,NA,47,50,0,1,NA,CSC_size_PM,NA,NA,NA,NA,NA,NA,NA,NA,NA,NA,NA,NA,-14.332425,-170.824373,2025
3/13/2025,CSC,4,36,TUT-171,60,NA,NA,NA,9,0,0,1,NA,CSC_size_PM,NA,NA,NA,NA,NA,NA,NA,NA,NA,NA,NA,NA,-14.332425,-170.824373,2025
3/13/2025,CSC,4,36,TUT-171,60,NA,NA,NA,63,90,0,1,NA,CSC_size_PM,NA,NA,NA,NA,NA,NA,NA,NA,NA,NA,NA,NA,-14.332425,-170.824373,2025
3/13/2025,CSC,4,36,TUT-171,60,NA,NA,NA,55,55,0,1,NA,CSC_size_PM,NA,NA,NA,NA,NA,NA,NA,NA,NA,NA,NA,NA,-14.332425,-170.824373,2025
3/13/2025,CSC,4,36,TUT-171,60,NA,NA,NA,10,5,0,1,NA,CSC_size_PM,NA,NA,NA,NA,NA,NA,NA,NA,NA,NA,NA,NA,-14.332425,-170.824373,2025
3/13/2025,CSC,4,36,TUT-171,60,NA,NA,NA,5,0,0,1,NA,CSC_size_PM,NA,NA,NA,NA,NA,NA,NA,NA,NA,NA,NA,NA,-14.332425,-170.824373,2025
3/13/2025,CSC,4,36,TUT-171,60,NA,NA,NA,41,65,0,1,NA,CSC_size_PM,NA,NA,NA,NA,NA,NA,NA,NA,NA,NA,NA,NA,-14.332425,-170.824373,2025
3/13/2025,CSC,4,36,TUT-171,60,NA,NA,NA,75,65,0,1,NA,CSC_size_PM,NA,NA,NA,NA,NA,NA,NA,NA,NA,NA,NA,NA,-14.332425,-170.824373,2025
3/13/2025,CSC,4,36,TUT-171,60,NA,NA,NA,9,0,0,1,NA,CSC_size_PM,NA,NA,NA,NA,NA,NA,NA,NA,NA,NA,NA,NA,-14.332425,-170.824373,2025
3/13/2025,CSC,4,36,TUT-171,60,NA,NA,NA,12,10,0,1,NA,CSC_size_PM,NA,NA,NA,NA,NA,NA,NA,NA,NA,NA,NA,NA,-14.332425,-170.824373,2025
3/13/2025,CSC,4,36,TUT-171,60,NA,NA,NA,6,0,0,1,NA,CSC_size_PM,NA,NA,NA,NA,NA,NA,NA,NA,NA,NA,NA,NA,-14.332425,-170.824373,2025
3/13/2025,CSC,4,36,TUT-171,60,NA,NA,NA,15,40,0,1,NA,CSC_size_PM,NA,NA,NA,NA,NA,NA,NA,NA,NA,NA,NA,NA,-14.332425,-170.824373,2025
3/13/2025,CSC,4,36,TUT-171,60,NA,NA,NA,66,60,0,1,NA,CSC_size_PM,NA,NA,NA,NA,NA,NA,NA,NA,NA,NA,NA,NA,-14.332425,-170.824373,2025
3/13/2025,CSC,4,36,TUT-171,60,NA,NA,NA,27,50,0,0,NA,CSC_size_PM,NA,NA,NA,NA,NA,NA,NA,NA,NA,NA,NA,NA,-14.332425,-170.824373,2025
3/13/2025,CSC,4,36,TUT-171,60,NA,NA,NA,70,60,0,0,NA,CSC_size_PM,NA,NA,NA,NA,NA,NA,NA,NA,NA,NA,NA,NA,-14.332425,-170.824373,2025
3/13/2025,CSC,4,36,TUT-171,60,NA,NA,NA,37,10,0,0,NA,CSC_size_PM,NA,NA,NA,NA,NA,NA,NA,NA,NA,NA,NA,NA,-14.332425,-170.824373,2025
3/13/2025,CSC,4,36,TUT-171,60,NA,NA,NA,25,5,0,0,NA,CSC_size_PM,NA,NA,NA,NA,NA,NA,NA,NA,NA,NA,NA,NA,-14.332425,-170.824373,2025
3/13/2025,CSC,4,36,TUT-171,60,NA,NA,NA,37,25,0,0,NA,CSC_size_PM,NA,NA,NA,NA,NA,NA,NA,NA,NA,NA,NA,NA,-14.332425,-170.824373,2025
3/13/2025,KT,3,30,TUT-066,60,23,5,0,NA,NA,NA,0,NA,KT_size_PM,NA,NA,NA,NA,NA,NA,NA,NA,NA,NA,NA,NA,-14.2873,-170.739,2025
3/13/2025,KT,3,30,TUT-066,60,45,10,0,NA,NA,NA,0,NA,KT_size_PM,NA,NA,NA,NA,NA,NA,NA,NA,NA,NA,NA,NA,-14.2873,-170.739,2025
3/13/2025,KT,3,30,TUT-066,60,43,10,0,NA,NA,NA,0,NA,KT_size_PM,NA,NA,NA,NA,NA,NA,NA,NA,NA,NA,NA,NA,-14.2873,-170.739,2025
3/13/2025,KT,3,30,TUT-066,60,40,10,0,NA,NA,NA,0,NA,KT_size_PM,NA,NA,NA,NA,NA,NA,NA,NA,NA,NA,NA,NA,-14.2873,-170.739,2025
3/13/2025,BH,1,38,TUT-171,60,80,10,0,115,90,0,1,NA,BH_size_PM,NA,NA,NA,NA,NA,NA,NA,NA,NA,NA,NA,NA,-14.332425,-170.824373,2025
3/13/2025,BH,1,38,TUT-171,60,NA,NA,NA,20,25,0,1,NA,BH_size_PM,NA,NA,NA,NA,NA,NA,NA,NA,NA,NA,NA,NA,-14.332425,-170.824373,2025
3/13/2025,BH,1,38,TUT-171,60,NA,NA,NA,160,98,0,1,NA,BH_size_PM,NA,NA,NA,NA,NA,NA,NA,NA,NA,NA,NA,NA,-14.332425,-170.824373,2025
3/13/2025,BH,1,38,TUT-171,60,NA,NA,NA,75,70,0,1,NA,BH_size_PM,NA,NA,NA,NA,NA,NA,NA,NA,NA,NA,NA,NA,-14.332425,-170.824373,2025
3/13/2025,BH,1,38,TUT-171,60,NA,NA,NA,110,90,0,1,NA,BH_size_PM,NA,NA,NA,NA,NA,NA,NA,NA,NA,NA,NA,NA,-14.332425,-170.824373,2025
3/13/2025,BH,1,38,TUT-171,60,NA,NA,NA,65,97,0,1,NA,BH_size_PM,NA,NA,NA,NA,NA,NA,NA,NA,NA,NA,NA,NA,-14.332425,-170.824373,2025
3/13/2025,BH,1,38,TUT-171,60,NA,NA,NA,115,98,0,1,NA,BH_size_PM,NA,NA,NA,NA,NA,NA,NA,NA,NA,NA,NA,NA,-14.332425,-170.824373,2025
3/13/2025,BH,1,38,TUT-171,60,NA,NA,NA,58,98,0,1,NA,BH_size_PM,NA,NA,NA,NA,NA,NA,NA,NA,NA,NA,NA,NA,-14.332425,-170.824373,2025
3/13/2025,BH,1,38,TUT-171,60,NA,NA,NA,133,90,0,1,NA,BH_size_PM,NA,NA,NA,NA,NA,NA,NA,NA,NA,NA,NA,NA,-14.332425,-170.824373,2025
3/13/2025,BH,1,38,TUT-171,60,NA,NA,NA,131,98,0,1,NA,BH_size_PM,NA,NA,NA,NA,NA,NA,NA,NA,NA,NA,NA,NA,-14.332425,-170.824373,2025
3/13/2025,BH,1,38,TUT-171,60,NA,NA,NA,110,90,0,1,NA,BH_size_PM,NA,NA,NA,NA,NA,NA,NA,NA,NA,NA,NA,NA,-14.332425,-170.824373,2025
3/13/2025,BH,1,38,TUT-171,60,NA,NA,NA,6,0,0,1,NA,BH_size_PM,NA,NA,NA,NA,NA,NA,NA,NA,NA,NA,NA,NA,-14.332425,-170.824373,2025
3/13/2025,BH,1,38,TUT-171,60,NA,NA,NA,60,85,0,1,NA,BH_size_PM,NA,NA,NA,NA,NA,NA,NA,NA,NA,NA,NA,NA,-14.332425,-170.824373,2025
3/13/2025,BH,1,38,TUT-171,60,NA,NA,NA,72,97,0,1,NA,BH_size_PM,NA,NA,NA,NA,NA,NA,NA,NA,NA,NA,NA,NA,-14.332425,-170.824373,2025
3/13/2025,BH,1,38,TUT-171,60,NA,NA,NA,11,10,0,1,NA,BH_size_PM,NA,NA,NA,NA,NA,NA,NA,NA,NA,NA,NA,NA,-14.332425,-170.824373,2025
3/13/2025,BH,1,38,TUT-171,60,NA,NA,NA,13,10,0,1,NA,BH_size_PM,NA,NA,NA,NA,NA,NA,NA,NA,NA,NA,NA,NA,-14.332425,-170.824373,2025
3/13/2025,BH,1,38,TUT-171,60,NA,NA,NA,7,0,0,1,NA,BH_size_PM,NA,NA,NA,NA,NA,NA,NA,NA,NA,NA,NA,NA,-14.332425,-170.824373,2025
3/13/2025,BH,1,38,TUT-171,60,NA,NA,NA,170,99,0,1,NA,BH_size_PM,NA,NA,NA,NA,NA,NA,NA,NA,NA,NA,NA,NA,-14.332425,-170.824373,2025
3/13/2025,BH,1,38,TUT-171,60,NA,NA,NA,36,70,0,1,NA,BH_size_PM,NA,NA,NA,NA,NA,NA,NA,NA,NA,NA,NA,NA,-14.332425,-170.824373,2025
3/13/2025,BH,1,38,TUT-171,60,NA,NA,NA,95,98,0,0,NA,BH_size_PM,NA,NA,NA,NA,NA,NA,NA,NA,NA,NA,NA,NA,-14.332425,-170.824373,2025
3/13/2025,BH,1,38,TUT-171,60,NA,NA,NA,81,95,0,0,NA,BH_size_PM,NA,NA,NA,NA,NA,NA,NA,NA,NA,NA,NA,NA,-14.332425,-170.824373,2025
3/13/2025,BH,1,38,TUT-171,60,NA,NA,NA,18,20,0,0,NA,BH_size_PM,NA,NA,NA,NA,NA,NA,NA,NA,NA,NA,NA,NA,-14.332425,-170.824373,2025
3/13/2025,BH,1,38,TUT-171,60,NA,NA,NA,90,90,0,0,NA,BH_size_PM,NA,NA,NA,NA,NA,NA,NA,NA,NA,NA,NA,NA,-14.332425,-170.824373,2025
3/13/2025,BH,1,38,TUT-171,60,NA,NA,NA,120,99,0,0,NA,BH_size_PM,NA,NA,NA,NA,NA,NA,NA,NA,NA,NA,NA,NA,-14.332425,-170.824373,2025
3/13/2025,BH,1,38,TUT-171,60,NA,NA,NA,75,95,0,0,NA,BH_size_PM,NA,NA,NA,NA,NA,NA,NA,NA,NA,NA,NA,NA,-14.332425,-170.824373,2025
3/13/2025,BH,1,38,TUT-171,60,NA,NA,NA,105,95,0,0,NA,BH_size_PM,NA,NA,NA,NA,NA,NA,NA,NA,NA,NA,NA,NA,-14.332425,-170.824373,2025
3/13/2025,BH,1,38,TUT-171,60,NA,NA,NA,43,70,0,0,NA,BH_size_PM,NA,NA,NA,NA,NA,NA,NA,NA,NA,NA,NA,NA,-14.332425,-170.824373,2025
3/13/2025,BH,1,38,TUT-171,60,NA,NA,NA,90,85,0,0,NA,BH_size_PM,NA,NA,NA,NA,NA,NA,NA,NA,NA,NA,NA,NA,-14.332425,-170.824373,2025
3/13/2025,BH,1,38,TUT-171,60,NA,NA,NA,88,80,0,0,NA,BH_size_PM,NA,NA,NA,NA,NA,NA,NA,NA,NA,NA,NA,NA,-14.332425,-170.824373,2025
3/13/2025,BH,1,38,TUT-171,60,NA,NA,NA,150,85,0,0,NA,BH_size_PM,NA,NA,NA,NA,NA,NA,NA,NA,NA,NA,NA,NA,-14.332425,-170.824373,2025
3/14/2025,ES,2,36,TUT-061,60,40,0,0,NA,NA,NA,NA,funky,ES_size_PM,NA,NA,NA,NA,NA,NA,NA,NA,NA,NA,NA,NA,-14.318564,-170.842093,2025
3/14/2025,ES,2,36,TUT-061,60,42.5,0,0,NA,NA,NA,NA,funky,ES_size_PM,NA,NA,NA,NA,NA,NA,NA,NA,NA,NA,NA,NA,-14.318564,-170.842093,2025
3/14/2025,ES,2,36,TUT-061,60,18,10,0,NA,NA,NA,NA,funky,ES_size_PM,NA,NA,NA,NA,NA,NA,NA,NA,NA,NA,NA,NA,-14.318564,-170.842093,2025
3/14/2025,CSC,4,41,TUT-216,60,15,15,0,43,5,0,1,NA,CSC_size_PM,NA,NA,NA,NA,NA,NA,NA,NA,NA,NA,NA,NA,-14.329052,-170.831801,2025
3/14/2025,CSC,4,41,TUT-216,60,22,5,0,17,0,0,1,NA,CSC_size_PM,NA,NA,NA,NA,NA,NA,NA,NA,NA,NA,NA,NA,-14.329052,-170.831801,2025
3/14/2025,CSC,4,41,TUT-216,60,NA,NA,NA,35,20,0,1,NA,CSC_size_PM,NA,NA,NA,NA,NA,NA,NA,NA,NA,NA,NA,NA,-14.329052,-170.831801,2025
3/14/2025,CSC,4,41,TUT-216,60,NA,NA,NA,49,65,0,1,NA,CSC_size_PM,NA,NA,NA,NA,NA,NA,NA,NA,NA,NA,NA,NA,-14.329052,-170.831801,2025
3/14/2025,CSC,4,41,TUT-216,60,NA,NA,NA,48,80,0,1,NA,CSC_size_PM,NA,NA,NA,NA,NA,NA,NA,NA,NA,NA,NA,NA,-14.329052,-170.831801,2025
3/14/2025,CSC,4,41,TUT-216,60,NA,NA,NA,15,0,0,1,NA,CSC_size_PM,NA,NA,NA,NA,NA,NA,NA,NA,NA,NA,NA,NA,-14.329052,-170.831801,2025
3/14/2025,CSC,4,41,TUT-216,60,NA,NA,NA,11,0,0,1,NA,CSC_size_PM,NA,NA,NA,NA,NA,NA,NA,NA,NA,NA,NA,NA,-14.329052,-170.831801,2025
3/14/2025,CSC,4,41,TUT-216,60,NA,NA,NA,27,10,0,1,NA,CSC_size_PM,NA,NA,NA,NA,NA,NA,NA,NA,NA,NA,NA,NA,-14.329052,-170.831801,2025
3/14/2025,CSC,4,41,TUT-216,60,NA,NA,NA,7,0,0,1,NA,CSC_size_PM,NA,NA,NA,NA,NA,NA,NA,NA,NA,NA,NA,NA,-14.329052,-170.831801,2025
3/14/2025,CSC,4,41,TUT-216,60,NA,NA,NA,36,0,0,1,NA,CSC_size_PM,NA,NA,NA,NA,NA,NA,NA,NA,NA,NA,NA,NA,-14.329052,-170.831801,2025
3/14/2025,CSC,4,41,TUT-216,60,NA,NA,NA,31,0,0,1,NA,CSC_size_PM,NA,NA,NA,NA,NA,NA,NA,NA,NA,NA,NA,NA,-14.329052,-170.831801,2025
3/14/2025,CSC,4,41,TUT-216,60,NA,NA,NA,44,85,0,1,NA,CSC_size_PM,NA,NA,NA,NA,NA,NA,NA,NA,NA,NA,NA,NA,-14.329052,-170.831801,2025
3/14/2025,CSC,4,41,TUT-216,60,NA,NA,NA,77,25,0,1,NA,CSC_size_PM,NA,NA,NA,NA,NA,NA,NA,NA,NA,NA,NA,NA,-14.329052,-170.831801,2025
3/14/2025,CSC,4,41,TUT-216,60,NA,NA,NA,30,65,0,1,NA,CSC_size_PM,NA,NA,NA,NA,NA,NA,NA,NA,NA,NA,NA,NA,-14.329052,-170.831801,2025
3/14/2025,CSC,4,41,TUT-216,60,NA,NA,NA,50,98,0,1,NA,CSC_size_PM,NA,NA,NA,NA,NA,NA,NA,NA,NA,NA,NA,NA,-14.329052,-170.831801,2025
3/14/2025,CSC,4,41,TUT-216,60,NA,NA,NA,34,60,0,1,NA,CSC_size_PM,NA,NA,NA,NA,NA,NA,NA,NA,NA,NA,NA,NA,-14.329052,-170.831801,2025
3/14/2025,CSC,4,41,TUT-216,60,NA,NA,NA,38,90,0,1,NA,CSC_size_PM,NA,NA,NA,NA,NA,NA,NA,NA,NA,NA,NA,NA,-14.329052,-170.831801,2025
3/14/2025,CSC,4,41,TUT-216,60,NA,NA,NA,80,40,0,1,NA,CSC_size_PM,NA,NA,NA,NA,NA,NA,NA,NA,NA,NA,NA,NA,-14.329052,-170.831801,2025
3/14/2025,CSC,4,41,TUT-216,60,NA,NA,NA,47,25,0,1,NA,CSC_size_PM,NA,NA,NA,NA,NA,NA,NA,NA,NA,NA,NA,NA,-14.329052,-170.831801,2025
3/14/2025,CSC,4,41,TUT-216,60,NA,NA,NA,48,70,0,1,NA,CSC_size_PM,NA,NA,NA,NA,NA,NA,NA,NA,NA,NA,NA,NA,-14.329052,-170.831801,2025
3/14/2025,CSC,4,41,TUT-216,60,NA,NA,NA,70,95,0,1,NA,CSC_size_PM,NA,NA,NA,NA,NA,NA,NA,NA,NA,NA,NA,NA,-14.329052,-170.831801,2025
3/14/2025,CSC,4,41,TUT-216,60,NA,NA,NA,30,90,0,1,NA,CSC_size_PM,NA,NA,NA,NA,NA,NA,NA,NA,NA,NA,NA,NA,-14.329052,-170.831801,2025
3/14/2025,KT,3,30,TUT-061,60,30,20,0,NA,NA,NA,0,some weird polyps: funky,KT_size_PM,NA,NA,NA,NA,NA,NA,NA,NA,NA,NA,NA,NA,-14.318564,-170.842093,2025
3/14/2025,KT,3,30,TUT-061,60,30,50,0,NA,NA,NA,0,classic,KT_size_PM,NA,NA,NA,NA,NA,NA,NA,NA,NA,NA,NA,NA,-14.318564,-170.842093,2025
3/14/2025,KT,3,30,TUT-061,60,7,0,0,NA,NA,NA,0,BB,KT_size_PM,NA,NA,NA,NA,NA,NA,NA,NA,NA,NA,NA,NA,-14.318564,-170.842093,2025
3/14/2025,KT,3,30,TUT-216,60,90,0,0,10,0,0,1,NA,KT_size_PM,NA,NA,NA,NA,NA,NA,NA,NA,NA,NA,NA,NA,-14.329052,-170.831801,2025
3/14/2025,KT,3,30,TUT-216,60,35,20,0,25,5,0,1,NA,KT_size_PM,NA,NA,NA,NA,NA,NA,NA,NA,NA,NA,NA,NA,-14.329052,-170.831801,2025
3/14/2025,KT,3,30,TUT-216,60,95,20,0,25,70,0,1,NA,KT_size_PM,NA,NA,NA,NA,NA,NA,NA,NA,NA,NA,NA,NA,-14.329052,-170.831801,2025
3/14/2025,KT,3,30,TUT-216,60,27,5,0,10,0,0,1,NA,KT_size_PM,NA,NA,NA,NA,NA,NA,NA,NA,NA,NA,NA,NA,-14.329052,-170.831801,2025
3/14/2025,KT,3,30,TUT-216,60,10,0,0,35,0,0,1,NA,KT_size_PM,NA,NA,NA,NA,NA,NA,NA,NA,NA,NA,NA,NA,-14.329052,-170.831801,2025
3/14/2025,KT,3,30,TUT-216,60,10,5,0,50,95,0,1,NA,KT_size_PM,NA,NA,NA,NA,NA,NA,NA,NA,NA,NA,NA,NA,-14.329052,-170.831801,2025
3/14/2025,KT,3,30,TUT-216,60,15,0,0,35,50,0,1,NA,KT_size_PM,NA,NA,NA,NA,NA,NA,NA,NA,NA,NA,NA,NA,-14.329052,-170.831801,2025
3/14/2025,KT,3,30,TUT-216,60,NA,NA,NA,12,0,0,1,NA,KT_size_PM,NA,NA,NA,NA,NA,NA,NA,NA,NA,NA,NA,NA,-14.329052,-170.831801,2025
3/14/2025,KT,3,30,TUT-216,60,NA,NA,NA,53,30,0,1,NA,KT_size_PM,NA,NA,NA,NA,NA,NA,NA,NA,NA,NA,NA,NA,-14.329052,-170.831801,2025
3/14/2025,KT,3,30,TUT-216,60,NA,NA,NA,15,50,0,1,NA,KT_size_PM,NA,NA,NA,NA,NA,NA,NA,NA,NA,NA,NA,NA,-14.329052,-170.831801,2025
3/14/2025,KT,3,30,TUT-216,60,NA,NA,NA,35,20,0,1,NA,KT_size_PM,NA,NA,NA,NA,NA,NA,NA,NA,NA,NA,NA,NA,-14.329052,-170.831801,2025
3/14/2025,KT,3,30,TUT-216,60,NA,NA,NA,13,0,0,1,NA,KT_size_PM,NA,NA,NA,NA,NA,NA,NA,NA,NA,NA,NA,NA,-14.329052,-170.831801,2025
3/14/2025,KT,3,30,TUT-216,60,NA,NA,NA,10,0,0,1,NA,KT_size_PM,NA,NA,NA,NA,NA,NA,NA,NA,NA,NA,NA,NA,-14.329052,-170.831801,2025
3/14/2025,KT,3,30,TUT-216,60,NA,NA,NA,80,97,0,1,NA,KT_size_PM,NA,NA,NA,NA,NA,NA,NA,NA,NA,NA,NA,NA,-14.329052,-170.831801,2025
3/14/2025,KT,3,30,TUT-216,60,NA,NA,NA,5,0,0,1,NA,KT_size_PM,NA,NA,NA,NA,NA,NA,NA,NA,NA,NA,NA,NA,-14.329052,-170.831801,2025
3/14/2025,KT,3,30,TUT-216,60,NA,NA,NA,18,0,0,0,NA,KT_size_PM,NA,NA,NA,NA,NA,NA,NA,NA,NA,NA,NA,NA,-14.329052,-170.831801,2025
3/14/2025,KT,3,30,TUT-216,60,NA,NA,NA,48,80,0,0,NA,KT_size_PM,NA,NA,NA,NA,NA,NA,NA,NA,NA,NA,NA,NA,-14.329052,-170.831801,2025
3/14/2025,KT,3,30,TUT-216,60,NA,NA,NA,25,0,0,0,NA,KT_size_PM,NA,NA,NA,NA,NA,NA,NA,NA,NA,NA,NA,NA,-14.329052,-170.831801,2025
3/14/2025,KT,3,30,TUT-216,60,NA,NA,NA,45,50,0,0,NA,KT_size_PM,NA,NA,NA,NA,NA,NA,NA,NA,NA,NA,NA,NA,-14.329052,-170.831801,2025
3/14/2025,KT,3,30,TUT-216,60,NA,NA,NA,30,50,0,0,NA,KT_size_PM,NA,NA,NA,NA,NA,NA,NA,NA,NA,NA,NA,NA,-14.329052,-170.831801,2025
3/14/2025,KT,3,30,TUT-216,60,NA,NA,NA,12,0,0,0,NA,KT_size_PM,NA,NA,NA,NA,NA,NA,NA,NA,NA,NA,NA,NA,-14.329052,-170.831801,2025
3/14/2025,KT,3,30,TUT-216,60,NA,NA,NA,70,29,0,0,NA,KT_size_PM,NA,NA,NA,NA,NA,NA,NA,NA,NA,NA,NA,NA,-14.329052,-170.831801,2025
3/14/2025,KT,3,30,TUT-216,60,NA,NA,NA,20,0,0,0,NA,KT_size_PM,NA,NA,NA,NA,NA,NA,NA,NA,NA,NA,NA,NA,-14.329052,-170.831801,2025
3/14/2025,KT,3,30,TUT-216,60,NA,NA,NA,30,5,0,0,NA,KT_size_PM,NA,NA,NA,NA,NA,NA,NA,NA,NA,NA,NA,NA,-14.329052,-170.831801,2025
3/14/2025,KT,3,30,TUT-216,60,NA,NA,NA,50,50,0,0,NA,KT_size_PM,NA,NA,NA,NA,NA,NA,NA,NA,NA,NA,NA,NA,-14.329052,-170.831801,2025
3/14/2025,KT,3,30,TUT-216,60,NA,NA,NA,30,90,0,0,NA,KT_size_PM,NA,NA,NA,NA,NA,NA,NA,NA,NA,NA,NA,NA,-14.329052,-170.831801,2025
3/14/2025,KT,3,30,TUT-216,60,NA,NA,NA,30,5,0,0,NA,KT_size_PM,NA,NA,NA,NA,NA,NA,NA,NA,NA,NA,NA,NA,-14.329052,-170.831801,2025
3/14/2025,KT,3,30,TUT-216,60,NA,NA,NA,40,95,0,0,NA,KT_size_PM,NA,NA,NA,NA,NA,NA,NA,NA,NA,NA,NA,NA,-14.329052,-170.831801,2025
3/14/2025,KT,3,30,TUT-216,60,NA,NA,NA,30,50,0,0,NA,KT_size_PM,NA,NA,NA,NA,NA,NA,NA,NA,NA,NA,NA,NA,-14.329052,-170.831801,2025
3/14/2025,KT,3,30,TUT-216,60,NA,NA,NA,10,0,0,0,NA,KT_size_PM,NA,NA,NA,NA,NA,NA,NA,NA,NA,NA,NA,NA,-14.329052,-170.831801,2025
3/14/2025,BH,1,41,TUT-216,60,41,2,0,11,0,0,1,NA,BH_size_PM,NA,NA,NA,NA,NA,NA,NA,NA,NA,NA,NA,NA,-14.329052,-170.831801,2025
3/14/2025,BH,1,41,TUT-216,60,53,1,0,26,0,0,1,NA,BH_size_PM,NA,NA,NA,NA,NA,NA,NA,NA,NA,NA,NA,NA,-14.329052,-170.831801,2025
3/14/2025,BH,1,41,TUT-216,60,NA,NA,NA,88,85,0,1,NA,BH_size_PM,NA,NA,NA,NA,NA,NA,NA,NA,NA,NA,NA,NA,-14.329052,-170.831801,2025
3/14/2025,BH,1,41,TUT-216,60,NA,NA,NA,48,80,0,1,NA,BH_size_PM,NA,NA,NA,NA,NA,NA,NA,NA,NA,NA,NA,NA,-14.329052,-170.831801,2025
3/14/2025,BH,1,41,TUT-216,60,NA,NA,NA,51,75,0,1,NA,BH_size_PM,NA,NA,NA,NA,NA,NA,NA,NA,NA,NA,NA,NA,-14.329052,-170.831801,2025
3/14/2025,BH,1,41,TUT-216,60,NA,NA,NA,13,0,0,1,NA,BH_size_PM,NA,NA,NA,NA,NA,NA,NA,NA,NA,NA,NA,NA,-14.329052,-170.831801,2025
3/14/2025,BH,1,41,TUT-216,60,NA,NA,NA,10,0,0,1,NA,BH_size_PM,NA,NA,NA,NA,NA,NA,NA,NA,NA,NA,NA,NA,-14.329052,-170.831801,2025
3/14/2025,BH,1,41,TUT-216,60,NA,NA,NA,28,0,0,1,NA,BH_size_PM,NA,NA,NA,NA,NA,NA,NA,NA,NA,NA,NA,NA,-14.329052,-170.831801,2025
3/14/2025,BH,1,41,TUT-216,60,NA,NA,NA,21,2,0,1,NA,BH_size_PM,NA,NA,NA,NA,NA,NA,NA,NA,NA,NA,NA,NA,-14.329052,-170.831801,2025
3/14/2025,BH,1,41,TUT-216,60,NA,NA,NA,23,1,0,1,NA,BH_size_PM,NA,NA,NA,NA,NA,NA,NA,NA,NA,NA,NA,NA,-14.329052,-170.831801,2025
3/14/2025,BH,1,41,TUT-216,60,NA,NA,NA,21,0,0,0,NA,BH_size_PM,NA,NA,NA,NA,NA,NA,NA,NA,NA,NA,NA,NA,-14.329052,-170.831801,2025
3/14/2025,BH,1,41,TUT-216,60,NA,NA,NA,48,90,0,0,NA,BH_size_PM,NA,NA,NA,NA,NA,NA,NA,NA,NA,NA,NA,NA,-14.329052,-170.831801,2025
3/14/2025,BH,1,41,TUT-216,60,NA,NA,NA,18,5,0,0,NA,BH_size_PM,NA,NA,NA,NA,NA,NA,NA,NA,NA,NA,NA,NA,-14.329052,-170.831801,2025
3/14/2025,BH,1,41,TUT-216,60,NA,NA,NA,20,0,0,0,NA,BH_size_PM,NA,NA,NA,NA,NA,NA,NA,NA,NA,NA,NA,NA,-14.329052,-170.831801,2025
3/14/2025,BH,1,41,TUT-216,60,NA,NA,NA,55,75,0,0,NA,BH_size_PM,NA,NA,NA,NA,NA,NA,NA,NA,NA,NA,NA,NA,-14.329052,-170.831801,2025
3/14/2025,BH,1,41,TUT-216,60,NA,NA,NA,31,40,0,0,NA,BH_size_PM,NA,NA,NA,NA,NA,NA,NA,NA,NA,NA,NA,NA,-14.329052,-170.831801,2025
3/14/2025,BH,1,41,TUT-216,60,NA,NA,NA,49,45,0,0,NA,BH_size_PM,NA,NA,NA,NA,NA,NA,NA,NA,NA,NA,NA,NA,-14.329052,-170.831801,2025
3/14/2025,BH,1,41,TUT-216,60,NA,NA,NA,6,0,0,0,NA,BH_size_PM,NA,NA,NA,NA,NA,NA,NA,NA,NA,NA,NA,NA,-14.329052,-170.831801,2025
3/14/2025,BH,1,41,TUT-216,60,NA,NA,NA,31,90,0,0,NA,BH_size_PM,NA,NA,NA,NA,NA,NA,NA,NA,NA,NA,NA,NA,-14.329052,-170.831801,2025
3/14/2025,BH,1,41,TUT-216,60,NA,NA,NA,24,70,0,0,NA,BH_size_PM,NA,NA,NA,NA,NA,NA,NA,NA,NA,NA,NA,NA,-14.329052,-170.831801,2025
3/14/2025,BH,1,41,TUT-216,60,NA,NA,NA,45,40,0,0,NA,BH_size_PM,NA,NA,NA,NA,NA,NA,NA,NA,NA,NA,NA,NA,-14.329052,-170.831801,2025
3/14/2025,BH,1,41,TUT-216,60,NA,NA,NA,25,50,0,0,NA,BH_size_PM,NA,NA,NA,NA,NA,NA,NA,NA,NA,NA,NA,NA,-14.329052,-170.831801,2025
3/14/2025,BH,1,41,TUT-216,60,NA,NA,NA,23,5,0,0,NA,BH_size_PM,NA,NA,NA,NA,NA,NA,NA,NA,NA,NA,NA,NA,-14.329052,-170.831801,2025
3/14/2025,BH,1,41,TUT-216,60,NA,NA,NA,52,80,0,0,NA,BH_size_PM,NA,NA,NA,NA,NA,NA,NA,NA,NA,NA,NA,NA,-14.329052,-170.831801,2025
3/15/2025,ES,2,38,TUT-139,60,47.5,0,0,20,5,0,1,NA,ES_size_PM,NA,NA,NA,NA,NA,NA,NA,NA,NA,NA,NA,NA,-14.352648,-170.787165,2025
3/15/2025,ES,2,38,TUT-139,60,25,60,0,30,20,0,1,NA,ES_size_PM,NA,NA,NA,NA,NA,NA,NA,NA,NA,NA,NA,NA,-14.352648,-170.787165,2025
3/15/2025,ES,2,38,TUT-139,60,NA,NA,NA,50,6,0,1,NA,ES_size_PM,NA,NA,NA,NA,NA,NA,NA,NA,NA,NA,NA,NA,-14.352648,-170.787165,2025
3/15/2025,ES,2,38,TUT-139,60,NA,NA,NA,52.5,25,0,1,NA,ES_size_PM,NA,NA,NA,NA,NA,NA,NA,NA,NA,NA,NA,NA,-14.352648,-170.787165,2025
3/15/2025,ES,2,38,TUT-139,60,NA,NA,NA,25,60,0,1,NA,ES_size_PM,NA,NA,NA,NA,NA,NA,NA,NA,NA,NA,NA,NA,-14.352648,-170.787165,2025
3/15/2025,ES,2,38,TUT-139,60,NA,NA,NA,20,5,0,0,NA,ES_size_PM,NA,NA,NA,NA,NA,NA,NA,NA,NA,NA,NA,NA,-14.352648,-170.787165,2025
3/15/2025,ES,2,38,TUT-139,60,NA,NA,NA,22.5,10,0,0,NA,ES_size_PM,NA,NA,NA,NA,NA,NA,NA,NA,NA,NA,NA,NA,-14.352648,-170.787165,2025
3/15/2025,ES,2,38,TUT-139,60,NA,NA,NA,22,0,0,0,NA,ES_size_PM,NA,NA,NA,NA,NA,NA,NA,NA,NA,NA,NA,NA,-14.352648,-170.787165,2025
3/15/2025,ES,2,38,TUT-139,60,NA,NA,NA,25,98,0,0,NA,ES_size_PM,NA,NA,NA,NA,NA,NA,NA,NA,NA,NA,NA,NA,-14.352648,-170.787165,2025
3/15/2025,ES,2,38,TUT-139,60,NA,NA,NA,20,0,0,0,NA,ES_size_PM,NA,NA,NA,NA,NA,NA,NA,NA,NA,NA,NA,NA,-14.352648,-170.787165,2025
3/15/2025,ES,2,38,TUT-139,60,NA,NA,NA,22.5,0,0,0,NA,ES_size_PM,NA,NA,NA,NA,NA,NA,NA,NA,NA,NA,NA,NA,-14.352648,-170.787165,2025
3/15/2025,ES,2,38,TUT-139,60,NA,NA,NA,40,80,0,0,NA,ES_size_PM,NA,NA,NA,NA,NA,NA,NA,NA,NA,NA,NA,NA,-14.352648,-170.787165,2025
3/15/2025,ES,2,38,TUT-139,60,NA,NA,NA,115,85,0,1,this and next two below were also in first 10m,ES_size_PM,NA,NA,NA,NA,NA,NA,NA,NA,NA,NA,NA,NA,-14.352648,-170.787165,2025
3/15/2025,ES,2,38,TUT-139,60,NA,NA,NA,7.5,0,0,1,NA,ES_size_PM,NA,NA,NA,NA,NA,NA,NA,NA,NA,NA,NA,NA,-14.352648,-170.787165,2025
3/15/2025,ES,2,38,TUT-139,60,NA,NA,NA,115,95,0,1,NA,ES_size_PM,NA,NA,NA,NA,NA,NA,NA,NA,NA,NA,NA,NA,-14.352648,-170.787165,2025
3/15/2025,CSC,4,45,TUT-126,60,NA,NA,NA,36,0,0,1,NA,CSC_size_PM,NA,NA,NA,NA,NA,NA,NA,NA,NA,NA,NA,NA,-14.336157,-170.796416,2025
3/15/2025,CSC,4,45,TUT-126,60,NA,NA,NA,28,0,0,1,NA,CSC_size_PM,NA,NA,NA,NA,NA,NA,NA,NA,NA,NA,NA,NA,-14.336157,-170.796416,2025
3/15/2025,CSC,4,45,TUT-126,60,NA,NA,NA,24,5,0,1,NA,CSC_size_PM,NA,NA,NA,NA,NA,NA,NA,NA,NA,NA,NA,NA,-14.336157,-170.796416,2025
3/15/2025,CSC,4,45,TUT-126,60,NA,NA,NA,20,0,0,1,NA,CSC_size_PM,NA,NA,NA,NA,NA,NA,NA,NA,NA,NA,NA,NA,-14.336157,-170.796416,2025
3/15/2025,CSC,4,45,TUT-126,60,NA,NA,NA,55,80,0,1,NA,CSC_size_PM,NA,NA,NA,NA,NA,NA,NA,NA,NA,NA,NA,NA,-14.336157,-170.796416,2025
3/15/2025,CSC,4,45,TUT-126,60,NA,NA,NA,37,50,0,1,NA,CSC_size_PM,NA,NA,NA,NA,NA,NA,NA,NA,NA,NA,NA,NA,-14.336157,-170.796416,2025
3/15/2025,CSC,4,45,TUT-126,60,NA,NA,NA,67,90,0,1,NA,CSC_size_PM,NA,NA,NA,NA,NA,NA,NA,NA,NA,NA,NA,NA,-14.336157,-170.796416,2025
3/15/2025,CSC,4,45,TUT-126,60,NA,NA,NA,40,70,0,1,NA,CSC_size_PM,NA,NA,NA,NA,NA,NA,NA,NA,NA,NA,NA,NA,-14.336157,-170.796416,2025
3/15/2025,CSC,4,45,TUT-126,60,NA,NA,NA,40,80,0,1,NA,CSC_size_PM,NA,NA,NA,NA,NA,NA,NA,NA,NA,NA,NA,NA,-14.336157,-170.796416,2025
3/15/2025,CSC,4,45,TUT-126,60,NA,NA,NA,21,0,0,1,NA,CSC_size_PM,NA,NA,NA,NA,NA,NA,NA,NA,NA,NA,NA,NA,-14.336157,-170.796416,2025
3/15/2025,CSC,4,45,TUT-126,60,NA,NA,NA,50,75,0,1,NA,CSC_size_PM,NA,NA,NA,NA,NA,NA,NA,NA,NA,NA,NA,NA,-14.336157,-170.796416,2025
3/15/2025,CSC,4,45,TUT-126,60,NA,NA,NA,50,25,0,1,NA,CSC_size_PM,NA,NA,NA,NA,NA,NA,NA,NA,NA,NA,NA,NA,-14.336157,-170.796416,2025
3/15/2025,CSC,4,45,TUT-126,60,NA,NA,NA,26,10,0,1,NA,CSC_size_PM,NA,NA,NA,NA,NA,NA,NA,NA,NA,NA,NA,NA,-14.336157,-170.796416,2025
3/15/2025,CSC,4,45,TUT-126,60,NA,NA,NA,28,40,0,1,NA,CSC_size_PM,NA,NA,NA,NA,NA,NA,NA,NA,NA,NA,NA,NA,-14.336157,-170.796416,2025
3/15/2025,CSC,4,45,TUT-126,60,NA,NA,NA,46,20,0,1,NA,CSC_size_PM,NA,NA,NA,NA,NA,NA,NA,NA,NA,NA,NA,NA,-14.336157,-170.796416,2025
3/15/2025,CSC,4,45,TUT-126,60,NA,NA,NA,31,30,0,1,NA,CSC_size_PM,NA,NA,NA,NA,NA,NA,NA,NA,NA,NA,NA,NA,-14.336157,-170.796416,2025
3/15/2025,CSC,4,45,TUT-126,60,NA,NA,NA,20,5,0,1,NA,CSC_size_PM,NA,NA,NA,NA,NA,NA,NA,NA,NA,NA,NA,NA,-14.336157,-170.796416,2025
3/15/2025,CSC,4,45,TUT-126,60,NA,NA,NA,27,15,0,1,NA,CSC_size_PM,NA,NA,NA,NA,NA,NA,NA,NA,NA,NA,NA,NA,-14.336157,-170.796416,2025
3/15/2025,CSC,4,45,TUT-126,60,NA,NA,NA,52,95,0,1,NA,CSC_size_PM,NA,NA,NA,NA,NA,NA,NA,NA,NA,NA,NA,NA,-14.336157,-170.796416,2025
3/15/2025,CSC,4,45,TUT-126,60,NA,NA,NA,92,40,0,1,NA,CSC_size_PM,NA,NA,NA,NA,NA,NA,NA,NA,NA,NA,NA,NA,-14.336157,-170.796416,2025
3/15/2025,CSC,4,45,TUT-126,60,NA,NA,NA,9,0,0,1,NA,CSC_size_PM,NA,NA,NA,NA,NA,NA,NA,NA,NA,NA,NA,NA,-14.336157,-170.796416,2025
3/15/2025,CSC,4,45,TUT-126,60,NA,NA,NA,11,3,0,1,NA,CSC_size_PM,NA,NA,NA,NA,NA,NA,NA,NA,NA,NA,NA,NA,-14.336157,-170.796416,2025
3/15/2025,CSC,4,45,TUT-126,60,NA,NA,NA,47,30,0,1,NA,CSC_size_PM,NA,NA,NA,NA,NA,NA,NA,NA,NA,NA,NA,NA,-14.336157,-170.796416,2025
3/15/2025,CSC,4,45,TUT-126,60,NA,NA,NA,38,20,0,1,NA,CSC_size_PM,NA,NA,NA,NA,NA,NA,NA,NA,NA,NA,NA,NA,-14.336157,-170.796416,2025
3/15/2025,CSC,4,45,TUT-126,60,NA,NA,NA,27,45,0,1,NA,CSC_size_PM,NA,NA,NA,NA,NA,NA,NA,NA,NA,NA,NA,NA,-14.336157,-170.796416,2025
3/15/2025,CSC,4,45,TUT-126,60,NA,NA,NA,34,50,0,1,NA,CSC_size_PM,NA,NA,NA,NA,NA,NA,NA,NA,NA,NA,NA,NA,-14.336157,-170.796416,2025
3/15/2025,CSC,4,45,TUT-126,60,NA,NA,NA,14,0,0,1,NA,CSC_size_PM,NA,NA,NA,NA,NA,NA,NA,NA,NA,NA,NA,NA,-14.336157,-170.796416,2025
3/15/2025,CSC,4,45,TUT-126,60,NA,NA,NA,11,0,0,0,NA,CSC_size_PM,NA,NA,NA,NA,NA,NA,NA,NA,NA,NA,NA,NA,-14.336157,-170.796416,2025
3/15/2025,CSC,4,45,TUT-126,60,NA,NA,NA,44,50,0,0,NA,CSC_size_PM,NA,NA,NA,NA,NA,NA,NA,NA,NA,NA,NA,NA,-14.336157,-170.796416,2025
3/15/2025,CSC,4,45,TUT-126,60,NA,NA,NA,50,65,0,0,NA,CSC_size_PM,NA,NA,NA,NA,NA,NA,NA,NA,NA,NA,NA,NA,-14.336157,-170.796416,2025
3/15/2025,KT,3,30,TUT-083,60,20,45,0,NA,NA,NA,0,NA,KT_size_PM,NA,NA,NA,NA,NA,NA,NA,NA,NA,NA,NA,NA,-14.332102,-170.697197,2025
3/15/2025,KT,3,42,TUT-126,60,NA,NA,NA,25,25,0,1,NA,KT_size_PM,NA,NA,NA,NA,NA,NA,NA,NA,NA,NA,NA,NA,-14.336157,-170.796416,2025
3/15/2025,KT,3,42,TUT-126,60,NA,NA,NA,45,30,0,1,NA,KT_size_PM,NA,NA,NA,NA,NA,NA,NA,NA,NA,NA,NA,NA,-14.336157,-170.796416,2025
3/15/2025,KT,3,42,TUT-126,60,NA,NA,NA,10,0,0,1,NA,KT_size_PM,NA,NA,NA,NA,NA,NA,NA,NA,NA,NA,NA,NA,-14.336157,-170.796416,2025
3/15/2025,KT,3,42,TUT-126,60,NA,NA,NA,35,50,0,1,NA,KT_size_PM,NA,NA,NA,NA,NA,NA,NA,NA,NA,NA,NA,NA,-14.336157,-170.796416,2025
3/15/2025,KT,3,42,TUT-126,60,NA,NA,NA,25,5,0,1,NA,KT_size_PM,NA,NA,NA,NA,NA,NA,NA,NA,NA,NA,NA,NA,-14.336157,-170.796416,2025
3/15/2025,KT,3,42,TUT-126,60,NA,NA,NA,10,5,0,1,NA,KT_size_PM,NA,NA,NA,NA,NA,NA,NA,NA,NA,NA,NA,NA,-14.336157,-170.796416,2025
3/15/2025,KT,3,42,TUT-126,60,NA,NA,NA,20,0,0,1,NA,KT_size_PM,NA,NA,NA,NA,NA,NA,NA,NA,NA,NA,NA,NA,-14.336157,-170.796416,2025
3/15/2025,KT,3,42,TUT-126,60,NA,NA,NA,15,0,0,1,NA,KT_size_PM,NA,NA,NA,NA,NA,NA,NA,NA,NA,NA,NA,NA,-14.336157,-170.796416,2025
3/15/2025,KT,3,42,TUT-126,60,NA,NA,NA,15,0,0,1,NA,KT_size_PM,NA,NA,NA,NA,NA,NA,NA,NA,NA,NA,NA,NA,-14.336157,-170.796416,2025
3/15/2025,KT,3,42,TUT-126,60,NA,NA,NA,30,80,0,1,NA,KT_size_PM,NA,NA,NA,NA,NA,NA,NA,NA,NA,NA,NA,NA,-14.336157,-170.796416,2025
3/15/2025,KT,3,42,TUT-126,60,NA,NA,NA,40,95,0,0,NA,KT_size_PM,NA,NA,NA,NA,NA,NA,NA,NA,NA,NA,NA,NA,-14.336157,-170.796416,2025
3/15/2025,KT,3,42,TUT-126,60,NA,NA,NA,50,60,0,0,NA,KT_size_PM,NA,NA,NA,NA,NA,NA,NA,NA,NA,NA,NA,NA,-14.336157,-170.796416,2025
3/15/2025,KT,3,42,TUT-126,60,NA,NA,NA,25,60,0,0,NA,KT_size_PM,NA,NA,NA,NA,NA,NA,NA,NA,NA,NA,NA,NA,-14.336157,-170.796416,2025
3/15/2025,KT,3,42,TUT-126,60,NA,NA,NA,25,5,0,0,NA,KT_size_PM,NA,NA,NA,NA,NA,NA,NA,NA,NA,NA,NA,NA,-14.336157,-170.796416,2025
3/15/2025,KT,3,42,TUT-126,60,NA,NA,NA,12,0,0,0,NA,KT_size_PM,NA,NA,NA,NA,NA,NA,NA,NA,NA,NA,NA,NA,-14.336157,-170.796416,2025
3/15/2025,KT,3,42,TUT-126,60,NA,NA,NA,15,90,0,0,NA,KT_size_PM,NA,NA,NA,NA,NA,NA,NA,NA,NA,NA,NA,NA,-14.336157,-170.796416,2025
3/15/2025,KT,3,42,TUT-126,60,NA,NA,NA,30,50,0,0,NA,KT_size_PM,NA,NA,NA,NA,NA,NA,NA,NA,NA,NA,NA,NA,-14.336157,-170.796416,2025
3/15/2025,KT,3,42,TUT-126,60,NA,NA,NA,6,0,0,0,NA,KT_size_PM,NA,NA,NA,NA,NA,NA,NA,NA,NA,NA,NA,NA,-14.336157,-170.796416,2025
3/15/2025,KT,3,42,TUT-126,60,NA,NA,NA,80,5,0,0,NA,KT_size_PM,NA,NA,NA,NA,NA,NA,NA,NA,NA,NA,NA,NA,-14.336157,-170.796416,2025
3/15/2025,KT,3,42,TUT-126,60,NA,NA,NA,10,5,0,0,NA,KT_size_PM,NA,NA,NA,NA,NA,NA,NA,NA,NA,NA,NA,NA,-14.336157,-170.796416,2025
3/15/2025,KT,3,42,TUT-126,60,NA,NA,NA,25,0,0,0,NA,KT_size_PM,NA,NA,NA,NA,NA,NA,NA,NA,NA,NA,NA,NA,-14.336157,-170.796416,2025
3/15/2025,KT,3,42,TUT-126,60,NA,NA,NA,25,0,0,0,NA,KT_size_PM,NA,NA,NA,NA,NA,NA,NA,NA,NA,NA,NA,NA,-14.336157,-170.796416,2025
3/15/2025,KT,3,42,TUT-126,60,NA,NA,NA,10,0,0,0,NA,KT_size_PM,NA,NA,NA,NA,NA,NA,NA,NA,NA,NA,NA,NA,-14.336157,-170.796416,2025
3/15/2025,KT,3,42,TUT-126,60,NA,NA,NA,50,5,0,0,NA,KT_size_PM,NA,NA,NA,NA,NA,NA,NA,NA,NA,NA,NA,NA,-14.336157,-170.796416,2025
3/15/2025,KT,3,42,TUT-126,60,NA,NA,NA,30,0,0,0,NA,KT_size_PM,NA,NA,NA,NA,NA,NA,NA,NA,NA,NA,NA,NA,-14.336157,-170.796416,2025
3/15/2025,KT,3,30,TUT-139,60,45,0,0,40,45,0,1,NA,KT_size_PM,NA,NA,NA,NA,NA,NA,NA,NA,NA,NA,NA,NA,-14.352648,-170.787165,2025
3/15/2025,KT,3,30,TUT-139,60,NA,NA,NA,30,50,0,1,NA,KT_size_PM,NA,NA,NA,NA,NA,NA,NA,NA,NA,NA,NA,NA,-14.352648,-170.787165,2025
3/15/2025,KT,3,30,TUT-139,60,NA,NA,NA,85,85,0,1,NA,KT_size_PM,NA,NA,NA,NA,NA,NA,NA,NA,NA,NA,NA,NA,-14.352648,-170.787165,2025
3/15/2025,KT,3,30,TUT-139,60,NA,NA,NA,40,90,0,1,NA,KT_size_PM,NA,NA,NA,NA,NA,NA,NA,NA,NA,NA,NA,NA,-14.352648,-170.787165,2025
3/15/2025,KT,3,30,TUT-139,60,NA,NA,NA,10,0,0,0,NA,KT_size_PM,NA,NA,NA,NA,NA,NA,NA,NA,NA,NA,NA,NA,-14.352648,-170.787165,2025
3/15/2025,KT,3,30,TUT-139,60,NA,NA,NA,5,0,0,0,NA,KT_size_PM,NA,NA,NA,NA,NA,NA,NA,NA,NA,NA,NA,NA,-14.352648,-170.787165,2025
3/15/2025,KT,3,30,TUT-139,60,NA,NA,NA,40,90,0,0,NA,KT_size_PM,NA,NA,NA,NA,NA,NA,NA,NA,NA,NA,NA,NA,-14.352648,-170.787165,2025
3/15/2025,KT,3,30,TUT-139,60,NA,NA,NA,10,0,0,0,NA,KT_size_PM,NA,NA,NA,NA,NA,NA,NA,NA,NA,NA,NA,NA,-14.352648,-170.787165,2025
3/15/2025,KT,3,30,TUT-139,60,NA,NA,NA,30,15,0,0,NA,KT_size_PM,NA,NA,NA,NA,NA,NA,NA,NA,NA,NA,NA,NA,-14.352648,-170.787165,2025
3/15/2025,KT,3,30,TUT-139,60,NA,NA,NA,10,0,0,0,NA,KT_size_PM,NA,NA,NA,NA,NA,NA,NA,NA,NA,NA,NA,NA,-14.352648,-170.787165,2025
3/15/2025,KT,3,30,TUT-139,60,NA,NA,NA,5,0,0,0,NA,KT_size_PM,NA,NA,NA,NA,NA,NA,NA,NA,NA,NA,NA,NA,-14.352648,-170.787165,2025
3/15/2025,KT,3,30,TUT-139,60,NA,NA,NA,40,40,0,0,NA,KT_size_PM,NA,NA,NA,NA,NA,NA,NA,NA,NA,NA,NA,NA,-14.352648,-170.787165,2025
3/15/2025,KT,3,30,TUT-139,60,NA,NA,NA,40,10,0,0,NA,KT_size_PM,NA,NA,NA,NA,NA,NA,NA,NA,NA,NA,NA,NA,-14.352648,-170.787165,2025
3/15/2025,KT,3,30,TUT-139,60,NA,NA,NA,25,5,0,0,NA,KT_size_PM,NA,NA,NA,NA,NA,NA,NA,NA,NA,NA,NA,NA,-14.352648,-170.787165,2025
3/15/2025,KT,3,30,TUT-139,60,NA,NA,NA,30,50,0,0,NA,KT_size_PM,NA,NA,NA,NA,NA,NA,NA,NA,NA,NA,NA,NA,-14.352648,-170.787165,2025
3/15/2025,BH,1,40,TUT-083,60,34,10,0,NA,NA,NA,NA,NA,BH_size_PM,NA,NA,NA,NA,NA,NA,NA,NA,NA,NA,NA,NA,-14.332102,-170.697197,2025
3/15/2025,BH,1,40,TUT-083,60,27,0,0,NA,NA,NA,NA,NA,BH_size_PM,NA,NA,NA,NA,NA,NA,NA,NA,NA,NA,NA,NA,-14.332102,-170.697197,2025
3/15/2025,BH,1,40,TUT-126,60,NA,NA,NA,10,0,0,1,NA,BH_size_PM,NA,NA,NA,NA,NA,NA,NA,NA,NA,NA,NA,NA,-14.336157,-170.796416,2025
3/15/2025,BH,1,40,TUT-126,60,NA,NA,NA,11,0,0,1,NA,BH_size_PM,NA,NA,NA,NA,NA,NA,NA,NA,NA,NA,NA,NA,-14.336157,-170.796416,2025
3/15/2025,BH,1,40,TUT-126,60,NA,NA,NA,45,60,0,1,NA,BH_size_PM,NA,NA,NA,NA,NA,NA,NA,NA,NA,NA,NA,NA,-14.336157,-170.796416,2025
3/15/2025,BH,1,40,TUT-126,60,NA,NA,NA,39,65,0,1,NA,BH_size_PM,NA,NA,NA,NA,NA,NA,NA,NA,NA,NA,NA,NA,-14.336157,-170.796416,2025
3/15/2025,BH,1,40,TUT-126,60,NA,NA,NA,6,0,0,1,NA,BH_size_PM,NA,NA,NA,NA,NA,NA,NA,NA,NA,NA,NA,NA,-14.336157,-170.796416,2025
3/15/2025,BH,1,40,TUT-126,60,NA,NA,NA,38,50,0,1,NA,BH_size_PM,NA,NA,NA,NA,NA,NA,NA,NA,NA,NA,NA,NA,-14.336157,-170.796416,2025
3/15/2025,BH,1,40,TUT-126,60,NA,NA,NA,8,0,0,0,NA,BH_size_PM,NA,NA,NA,NA,NA,NA,NA,NA,NA,NA,NA,NA,-14.336157,-170.796416,2025
3/15/2025,BH,1,40,TUT-126,60,NA,NA,NA,9,0,0,0,NA,BH_size_PM,NA,NA,NA,NA,NA,NA,NA,NA,NA,NA,NA,NA,-14.336157,-170.796416,2025
3/15/2025,BH,1,40,TUT-126,60,NA,NA,NA,11,0,0,0,NA,BH_size_PM,NA,NA,NA,NA,NA,NA,NA,NA,NA,NA,NA,NA,-14.336157,-170.796416,2025
3/15/2025,BH,1,40,TUT-126,60,NA,NA,NA,43,50,0,0,NA,BH_size_PM,NA,NA,NA,NA,NA,NA,NA,NA,NA,NA,NA,NA,-14.336157,-170.796416,2025
3/15/2025,BH,1,40,TUT-126,60,NA,NA,NA,43,70,0,0,NA,BH_size_PM,NA,NA,NA,NA,NA,NA,NA,NA,NA,NA,NA,NA,-14.336157,-170.796416,2025
3/15/2025,BH,1,40,TUT-126,60,NA,NA,NA,17,10,0,0,NA,BH_size_PM,NA,NA,NA,NA,NA,NA,NA,NA,NA,NA,NA,NA,-14.336157,-170.796416,2025
3/15/2025,BH,1,40,TUT-126,60,NA,NA,NA,18,30,0,0,NA,BH_size_PM,NA,NA,NA,NA,NA,NA,NA,NA,NA,NA,NA,NA,-14.336157,-170.796416,2025
3/15/2025,BH,1,40,TUT-126,60,NA,NA,NA,41,85,0,0,NA,BH_size_PM,NA,NA,NA,NA,NA,NA,NA,NA,NA,NA,NA,NA,-14.336157,-170.796416,2025
3/15/2025,BH,1,40,TUT-126,60,NA,NA,NA,16,0,0,0,NA,BH_size_PM,NA,NA,NA,NA,NA,NA,NA,NA,NA,NA,NA,NA,-14.336157,-170.796416,2025
3/15/2025,BH,1,40,TUT-126,60,NA,NA,NA,47,2,0,0,NA,BH_size_PM,NA,NA,NA,NA,NA,NA,NA,NA,NA,NA,NA,NA,-14.336157,-170.796416,2025
3/15/2025,BH,1,40,TUT-126,60,NA,NA,NA,66,5,0,0,NA,BH_size_PM,NA,NA,NA,NA,NA,NA,NA,NA,NA,NA,NA,NA,-14.336157,-170.796416,2025
3/15/2025,BH,1,40,TUT-126,60,NA,NA,NA,23,2,0,0,NA,BH_size_PM,NA,NA,NA,NA,NA,NA,NA,NA,NA,NA,NA,NA,-14.336157,-170.796416,2025
3/15/2025,BH,1,40,TUT-126,60,NA,NA,NA,33,80,0,0,NA,BH_size_PM,NA,NA,NA,NA,NA,NA,NA,NA,NA,NA,NA,NA,-14.336157,-170.796416,2025
3/15/2025,BH,1,40,TUT-126,60,NA,NA,NA,30,45,0,0,NA,BH_size_PM,NA,NA,NA,NA,NA,NA,NA,NA,NA,NA,NA,NA,-14.336157,-170.796416,2025
3/15/2025,BH,1,40,TUT-139,60,68,35,0,38,15,0,1,NA,BH_size_PM,NA,NA,NA,NA,NA,NA,NA,NA,NA,NA,NA,NA,-14.352648,-170.787165,2025
3/15/2025,BH,1,40,TUT-139,60,NA,NA,NA,63,80,0,1,NA,BH_size_PM,NA,NA,NA,NA,NA,NA,NA,NA,NA,NA,NA,NA,-14.352648,-170.787165,2025
3/15/2025,BH,1,40,TUT-139,60,NA,NA,NA,35,15,0,1,NA,BH_size_PM,NA,NA,NA,NA,NA,NA,NA,NA,NA,NA,NA,NA,-14.352648,-170.787165,2025
3/15/2025,BH,1,40,TUT-139,60,NA,NA,NA,38,85,0,1,NA,BH_size_PM,NA,NA,NA,NA,NA,NA,NA,NA,NA,NA,NA,NA,-14.352648,-170.787165,2025
3/15/2025,BH,1,40,TUT-139,60,NA,NA,NA,28,10,0,1,NA,BH_size_PM,NA,NA,NA,NA,NA,NA,NA,NA,NA,NA,NA,NA,-14.352648,-170.787165,2025
3/15/2025,BH,1,40,TUT-139,60,NA,NA,NA,28,15,0,1,NA,BH_size_PM,NA,NA,NA,NA,NA,NA,NA,NA,NA,NA,NA,NA,-14.352648,-170.787165,2025
3/15/2025,BH,1,40,TUT-139,60,NA,NA,NA,25,5,0,1,NA,BH_size_PM,NA,NA,NA,NA,NA,NA,NA,NA,NA,NA,NA,NA,-14.352648,-170.787165,2025
3/15/2025,BH,1,40,TUT-139,60,NA,NA,NA,60,95,0,1,NA,BH_size_PM,NA,NA,NA,NA,NA,NA,NA,NA,NA,NA,NA,NA,-14.352648,-170.787165,2025
3/15/2025,BH,1,40,TUT-139,60,NA,NA,NA,31,95,0,0,NA,BH_size_PM,NA,NA,NA,NA,NA,NA,NA,NA,NA,NA,NA,NA,-14.352648,-170.787165,2025
3/15/2025,BH,1,40,TUT-139,60,NA,NA,NA,19,0,0,0,NA,BH_size_PM,NA,NA,NA,NA,NA,NA,NA,NA,NA,NA,NA,NA,-14.352648,-170.787165,2025
3/15/2025,BH,1,40,TUT-139,60,NA,NA,NA,17,0,0,0,NA,BH_size_PM,NA,NA,NA,NA,NA,NA,NA,NA,NA,NA,NA,NA,-14.352648,-170.787165,2025
3/15/2025,BH,1,40,TUT-139,60,NA,NA,NA,110,85,0,0,NA,BH_size_PM,NA,NA,NA,NA,NA,NA,NA,NA,NA,NA,NA,NA,-14.352648,-170.787165,2025
3/15/2025,BH,1,40,TUT-139,60,NA,NA,NA,25,55,0,0,NA,BH_size_PM,NA,NA,NA,NA,NA,NA,NA,NA,NA,NA,NA,NA,-14.352648,-170.787165,2025
3/15/2025,BH,1,40,TUT-139,60,NA,NA,NA,40,40,0,0,NA,BH_size_PM,NA,NA,NA,NA,NA,NA,NA,NA,NA,NA,NA,NA,-14.352648,-170.787165,2025
3/15/2025,BH,1,40,TUT-139,60,NA,NA,NA,42,50,0,0,NA,BH_size_PM,NA,NA,NA,NA,NA,NA,NA,NA,NA,NA,NA,NA,-14.352648,-170.787165,2025
3/15/2025,BH,1,40,TUT-139,60,NA,NA,NA,19,10,0,0,NA,BH_size_PM,NA,NA,NA,NA,NA,NA,NA,NA,NA,NA,NA,NA,-14.352648,-170.787165,2025
3/15/2025,BH,1,40,TUT-139,60,NA,NA,NA,41,85,0,0,NA,BH_size_PM,NA,NA,NA,NA,NA,NA,NA,NA,NA,NA,NA,NA,-14.352648,-170.787165,2025
3/15/2025,BH,1,40,TUT-139,60,NA,NA,NA,38,25,0,0,NA,BH_size_PM,NA,NA,NA,NA,NA,NA,NA,NA,NA,NA,NA,NA,-14.352648,-170.787165,2025
3/15/2025,BH,1,40,TUT-139,60,NA,NA,NA,19,50,0,0,NA,BH_size_PM,NA,NA,NA,NA,NA,NA,NA,NA,NA,NA,NA,NA,-14.352648,-170.787165,2025
3/15/2025,BH,1,40,TUT-139,60,NA,NA,NA,20,0,0,0,NA,BH_size_PM,NA,NA,NA,NA,NA,NA,NA,NA,NA,NA,NA,NA,-14.352648,-170.787165,2025
3/15/2025,BH,1,40,TUT-139,60,NA,NA,NA,52,10,0,0,NA,BH_size_PM,NA,NA,NA,NA,NA,NA,NA,NA,NA,NA,NA,NA,-14.352648,-170.787165,2025
3/15/2025,BH,1,40,TUT-139,60,NA,NA,NA,41,50,0,0,NA,BH_size_PM,NA,NA,NA,NA,NA,NA,NA,NA,NA,NA,NA,NA,-14.352648,-170.787165,2025
3/15/2025,BH,1,40,TUT-139,60,NA,NA,NA,17,1,0,0,NA,BH_size_PM,NA,NA,NA,NA,NA,NA,NA,NA,NA,NA,NA,NA,-14.352648,-170.787165,2025
3/15/2025,BH,1,40,TUT-139,60,NA,NA,NA,12,0,0,0,NA,BH_size_PM,NA,NA,NA,NA,NA,NA,NA,NA,NA,NA,NA,NA,-14.352648,-170.787165,2025
3/15/2025,BH,1,40,TUT-139,60,NA,NA,NA,32,90,0,0,NA,BH_size_PM,NA,NA,NA,NA,NA,NA,NA,NA,NA,NA,NA,NA,-14.352648,-170.787165,2025
3/15/2025,BH,1,40,TUT-139,60,NA,NA,NA,9,0,0,0,NA,BH_size_PM,NA,NA,NA,NA,NA,NA,NA,NA,NA,NA,NA,NA,-14.352648,-170.787165,2025
3/17/2025,ES,2,37,TUT-058,60,25,7,0,NA,NA,NA,NA,NA,ES_size_PM,NA,NA,NA,NA,NA,NA,NA,NA,NA,NA,NA,NA,-14.276028,-170.724169,2025
3/17/2025,ES,2,32,TUT-060,60,45,0,0,NA,NA,NA,NA,LONG FUNKY,ES_size_PM,NA,NA,NA,NA,NA,NA,NA,NA,NA,NA,NA,NA,-14.264012,-170.713218,2025
3/17/2025,CSC,4,39,TUT-058,60,46,0,0,NA,NA,NA,NA,NA,CSC_size_PM,NA,NA,NA,NA,NA,NA,NA,NA,NA,NA,NA,NA,-14.276028,-170.724169,2025
3/17/2025,CSC,4,39,TUT-030,60,20,0,0,NA,NA,NA,NA,NA,CSC_size_PM,NA,NA,NA,NA,NA,NA,NA,NA,NA,NA,NA,NA,-14.237546,-170.673024,2025
3/17/2025,CSC,4,39,TUT-030,60,25,0,0,NA,NA,NA,NA,NA,CSC_size_PM,NA,NA,NA,NA,NA,NA,NA,NA,NA,NA,NA,NA,-14.237546,-170.673024,2025
3/17/2025,CSC,4,39,TUT-030,60,37,5,0,NA,NA,NA,NA,NA,CSC_size_PM,NA,NA,NA,NA,NA,NA,NA,NA,NA,NA,NA,NA,-14.237546,-170.673024,2025
3/17/2025,CSC,4,39,TUT-030,60,65,20,0,NA,NA,NA,NA,NA,CSC_size_PM,NA,NA,NA,NA,NA,NA,NA,NA,NA,NA,NA,NA,-14.237546,-170.673024,2025
3/17/2025,CSC,4,49,TUT-025,60,21,0,0,NA,NA,NA,NA,long branch,CSC_size_PM,NA,NA,NA,NA,NA,NA,NA,NA,NA,NA,NA,NA,-14.251678,-170.698016,2025
3/17/2025,KT,3,40,TUT-025,60,40,20,0,NA,NA,NA,0,"funky big polyp, pyramidal",KT_size_PM,NA,NA,NA,NA,NA,NA,NA,NA,NA,NA,NA,NA,-14.251678,-170.698016,2025
3/17/2025,KT,3,39,TUT-030,60,35,55,0,NA,NA,NA,0,NA,KT_size_PM,NA,NA,NA,NA,NA,NA,NA,NA,NA,NA,NA,NA,-14.237546,-170.673024,2025
3/17/2025,KT,3,39,TUT-030,60,20,0,0,NA,NA,NA,0,NA,KT_size_PM,NA,NA,NA,NA,NA,NA,NA,NA,NA,NA,NA,NA,-14.237546,-170.673024,2025
3/17/2025,BH,1,52,TUT-025,60,23,15,0,NA,NA,NA,NA,classic,BH_size_PM,NA,NA,NA,NA,NA,NA,NA,NA,NA,NA,NA,NA,-14.251678,-170.698016,2025
3/17/2025,BH,1,52,TUT-025,60,37,3,0,NA,NA,NA,NA,classic,BH_size_PM,NA,NA,NA,NA,NA,NA,NA,NA,NA,NA,NA,NA,-14.251678,-170.698016,2025
3/18/2025,ES,2,47,TUT-086,60,55,70,0,35,0,0,0,real long funky algo,ES_size_PM,NA,NA,NA,NA,NA,NA,NA,NA,NA,NA,NA,NA,-14.27703,-170.611737,2025
3/18/2025,ES,2,38,TUT-157,60,NA,NA,NA,15,0,0,1,NA,ES_size_PM,NA,NA,NA,NA,NA,NA,NA,NA,NA,NA,NA,NA,-14.274192,-170.619785,2025
3/18/2025,ES,2,38,TUT-157,60,NA,NA,NA,20,0,0,1,NA,ES_size_PM,NA,NA,NA,NA,NA,NA,NA,NA,NA,NA,NA,NA,-14.274192,-170.619785,2025
3/18/2025,ES,2,38,TUT-157,60,NA,NA,NA,17,0,0,0,NA,ES_size_PM,NA,NA,NA,NA,NA,NA,NA,NA,NA,NA,NA,NA,-14.274192,-170.619785,2025
3/18/2025,ES,2,38,TUT-157,60,NA,NA,NA,22.5,90,0,0,NA,ES_size_PM,NA,NA,NA,NA,NA,NA,NA,NA,NA,NA,NA,NA,-14.274192,-170.619785,2025
3/18/2025,ES,2,38,TUT-157,60,NA,NA,NA,12,25,0,0,NA,ES_size_PM,NA,NA,NA,NA,NA,NA,NA,NA,NA,NA,NA,NA,-14.274192,-170.619785,2025
3/18/2025,ES,2,38,TUT-157,60,NA,NA,NA,32,20,0,0,NA,ES_size_PM,NA,NA,NA,NA,NA,NA,NA,NA,NA,NA,NA,NA,-14.274192,-170.619785,2025
3/18/2025,ES,2,38,TUT-157,60,NA,NA,NA,60,70,0,0,NA,ES_size_PM,NA,NA,NA,NA,NA,NA,NA,NA,NA,NA,NA,NA,-14.274192,-170.619785,2025
3/18/2025,ES,2,38,TUT-157,60,NA,NA,NA,50,65,0,0,NA,ES_size_PM,NA,NA,NA,NA,NA,NA,NA,NA,NA,NA,NA,NA,-14.274192,-170.619785,2025
3/18/2025,ES,2,38,TUT-157,60,NA,NA,NA,40,40,0,0,NA,ES_size_PM,NA,NA,NA,NA,NA,NA,NA,NA,NA,NA,NA,NA,-14.274192,-170.619785,2025
3/18/2025,ES,2,38,TUT-157,60,NA,NA,NA,45,20,0,0,NA,ES_size_PM,NA,NA,NA,NA,NA,NA,NA,NA,NA,NA,NA,NA,-14.274192,-170.619785,2025
3/18/2025,ES,2,38,TUT-157,60,NA,NA,NA,40,35,0,0,NA,ES_size_PM,NA,NA,NA,NA,NA,NA,NA,NA,NA,NA,NA,NA,-14.274192,-170.619785,2025
3/18/2025,ES,2,38,TUT-157,60,NA,NA,NA,22.5,15,0,0,NA,ES_size_PM,NA,NA,NA,NA,NA,NA,NA,NA,NA,NA,NA,NA,-14.274192,-170.619785,2025
3/18/2025,ES,2,38,TUT-157,60,NA,NA,NA,15,5,0,0,NA,ES_size_PM,NA,NA,NA,NA,NA,NA,NA,NA,NA,NA,NA,NA,-14.274192,-170.619785,2025
3/18/2025,ES,2,38,TUT-157,60,NA,NA,NA,7,0,0,0,NA,ES_size_PM,NA,NA,NA,NA,NA,NA,NA,NA,NA,NA,NA,NA,-14.274192,-170.619785,2025
3/18/2025,ES,2,46,TUT-219,60,NA,NA,NA,16,0,0,0,NA,ES_size_PM,NA,NA,NA,NA,NA,NA,NA,NA,NA,NA,NA,NA,-14.28823,-170.639848,2025
3/18/2025,ES,2,46,TUT-219,60,NA,NA,NA,19,0,0.5,0,NA,ES_size_PM,NA,NA,NA,NA,NA,NA,NA,NA,NA,NA,NA,NA,-14.28823,-170.639848,2025
3/18/2025,ES,2,46,TUT-219,60,NA,NA,NA,13.5,0,0,0,NA,ES_size_PM,NA,NA,NA,NA,NA,NA,NA,NA,NA,NA,NA,NA,-14.28823,-170.639848,2025
3/18/2025,ES,2,46,TUT-219,60,NA,NA,NA,15,0,0,0,NA,ES_size_PM,NA,NA,NA,NA,NA,NA,NA,NA,NA,NA,NA,NA,-14.28823,-170.639848,2025
3/18/2025,ES,2,46,TUT-219,60,NA,NA,NA,25,0,0,0,NA,ES_size_PM,NA,NA,NA,NA,NA,NA,NA,NA,NA,NA,NA,NA,-14.28823,-170.639848,2025
3/18/2025,CSC,4,38,TUT-219,60,40,30,0,100,50,0,0,NA,CSC_size_PM,NA,NA,NA,NA,NA,NA,NA,NA,NA,NA,NA,NA,-14.28823,-170.639848,2025
3/18/2025,CSC,4,38,TUT-219,60,NA,NA,NA,30,80,0,0,NA,CSC_size_PM,NA,NA,NA,NA,NA,NA,NA,NA,NA,NA,NA,NA,-14.28823,-170.639848,2025
3/18/2025,CSC,4,38,TUT-219,60,NA,NA,NA,40,20,1,0,NA,CSC_size_PM,NA,NA,NA,NA,NA,NA,NA,NA,NA,NA,NA,NA,-14.28823,-170.639848,2025
3/18/2025,CSC,4,38,TUT-219,60,NA,NA,NA,45,60,0,0,NA,CSC_size_PM,NA,NA,NA,NA,NA,NA,NA,NA,NA,NA,NA,NA,-14.28823,-170.639848,2025
3/18/2025,CSC,4,38,TUT-219,60,NA,NA,NA,8,0,0,0,NA,CSC_size_PM,NA,NA,NA,NA,NA,NA,NA,NA,NA,NA,NA,NA,-14.28823,-170.639848,2025
3/18/2025,CSC,4,38,TUT-219,60,NA,NA,NA,10,5,0,0,NA,CSC_size_PM,NA,NA,NA,NA,NA,NA,NA,NA,NA,NA,NA,NA,-14.28823,-170.639848,2025
3/18/2025,CSC,4,38,TUT-219,60,NA,NA,NA,27,10,0,0,NA,CSC_size_PM,NA,NA,NA,NA,NA,NA,NA,NA,NA,NA,NA,NA,-14.28823,-170.639848,2025
3/18/2025,CSC,4,38,TUT-219,60,NA,NA,NA,10,20,0,0,NA,CSC_size_PM,NA,NA,NA,NA,NA,NA,NA,NA,NA,NA,NA,NA,-14.28823,-170.639848,2025
3/18/2025,CSC,4,38,TUT-219,60,NA,NA,NA,15,0,0,0,NA,CSC_size_PM,NA,NA,NA,NA,NA,NA,NA,NA,NA,NA,NA,NA,-14.28823,-170.639848,2025
3/18/2025,CSC,4,32,TUT-220,60,21,0,0,25,0,0,1,NA,CSC_size_PM,NA,NA,NA,NA,NA,NA,NA,NA,NA,NA,NA,NA,-14.300247,-170.681886,2025
3/18/2025,CSC,4,32,TUT-220,60,NA,NA,NA,35,75,0,1,NA,CSC_size_PM,NA,NA,NA,NA,NA,NA,NA,NA,NA,NA,NA,NA,-14.300247,-170.681886,2025
3/18/2025,KT,3,25,TUT-219,60,45,10,0,65,25,0,0,NA,KT_size_PM,NA,NA,NA,NA,NA,NA,NA,NA,NA,NA,NA,NA,-14.28823,-170.639848,2025
3/18/2025,KT,3,25,TUT-219,60,35,5,0,40,20,0,0,NA,KT_size_PM,NA,NA,NA,NA,NA,NA,NA,NA,NA,NA,NA,NA,-14.28823,-170.639848,2025
3/18/2025,BH,1,23,TUT-220,60,50,70,0,105,85,0,1,NA,BH_size_PM,NA,NA,NA,NA,NA,NA,NA,NA,NA,NA,NA,NA,-14.300247,-170.681886,2025
3/18/2025,BH,1,23,TUT-220,60,NA,NA,NA,13,0,0,1,NA,BH_size_PM,NA,NA,NA,NA,NA,NA,NA,NA,NA,NA,NA,NA,-14.300247,-170.681886,2025
3/18/2025,BH,1,23,TUT-220,60,NA,NA,NA,29,60,0,1,NA,BH_size_PM,NA,NA,NA,NA,NA,NA,NA,NA,NA,NA,NA,NA,-14.300247,-170.681886,2025
3/18/2025,BH,1,23,TUT-220,60,NA,NA,NA,75,70,0,1,NA,BH_size_PM,NA,NA,NA,NA,NA,NA,NA,NA,NA,NA,NA,NA,-14.300247,-170.681886,2025
3/18/2025,BH,1,23,TUT-220,60,NA,NA,NA,51,85,0,1,NA,BH_size_PM,NA,NA,NA,NA,NA,NA,NA,NA,NA,NA,NA,NA,-14.300247,-170.681886,2025
3/18/2025,BH,1,23,TUT-220,60,NA,NA,NA,50,95,0,1,NA,BH_size_PM,NA,NA,NA,NA,NA,NA,NA,NA,NA,NA,NA,NA,-14.300247,-170.681886,2025
3/18/2025,BH,1,23,TUT-220,60,NA,NA,NA,60,70,0,1,NA,BH_size_PM,NA,NA,NA,NA,NA,NA,NA,NA,NA,NA,NA,NA,-14.300247,-170.681886,2025
3/18/2025,BH,1,23,TUT-220,60,NA,NA,NA,17,0,0,0,NA,BH_size_PM,NA,NA,NA,NA,NA,NA,NA,NA,NA,NA,NA,NA,-14.300247,-170.681886,2025
3/18/2025,BH,1,23,TUT-220,60,NA,NA,NA,22,5,0,0,NA,BH_size_PM,NA,NA,NA,NA,NA,NA,NA,NA,NA,NA,NA,NA,-14.300247,-170.681886,2025
3/18/2025,BH,1,23,TUT-220,60,NA,NA,NA,78,80,0,0,NA,BH_size_PM,NA,NA,NA,NA,NA,NA,NA,NA,NA,NA,NA,NA,-14.300247,-170.681886,2025
3/18/2025,BH,1,23,TUT-220,60,NA,NA,NA,6,10,0,0,NA,BH_size_PM,NA,NA,NA,NA,NA,NA,NA,NA,NA,NA,NA,NA,-14.300247,-170.681886,2025
3/18/2025,BH,1,44,TUT-157,60,NA,NA,NA,13,15,0,0,NA,BH_size_PM,NA,NA,NA,NA,NA,NA,NA,NA,NA,NA,NA,NA,-14.274192,-170.619785,2025
3/18/2025,BH,1,44,TUT-157,60,NA,NA,NA,10,0,1,0,NA,BH_size_PM,NA,NA,NA,NA,NA,NA,NA,NA,NA,NA,NA,NA,-14.274192,-170.619785,2025
3/18/2025,BH,1,44,TUT-157,60,NA,NA,NA,42,25,0,0,NA,BH_size_PM,NA,NA,NA,NA,NA,NA,NA,NA,NA,NA,NA,NA,-14.274192,-170.619785,2025
3/18/2025,BH,1,44,TUT-157,60,NA,NA,NA,12,5,0,0,NA,BH_size_PM,NA,NA,NA,NA,NA,NA,NA,NA,NA,NA,NA,NA,-14.274192,-170.619785,2025
3/18/2025,BH,1,44,TUT-157,60,NA,NA,NA,21,10,0,0,NA,BH_size_PM,NA,NA,NA,NA,NA,NA,NA,NA,NA,NA,NA,NA,-14.274192,-170.619785,2025
3/18/2025,BH,1,32,TUT-086,60,33,15,0,53,50,0,0,NA,BH_size_PM,NA,NA,NA,NA,NA,NA,NA,NA,NA,NA,NA,NA,-14.27703,-170.611737,2025
3/18/2025,BH,1,32,TUT-086,60,65,85,0,19,10,1,0,NA,BH_size_PM,NA,NA,NA,NA,NA,NA,NA,NA,NA,NA,NA,NA,-14.27703,-170.611737,2025
3/18/2025,BH,1,32,TUT-086,60,NA,NA,NA,21,5,1,0,NA,BH_size_PM,NA,NA,NA,NA,NA,NA,NA,NA,NA,NA,NA,NA,-14.27703,-170.611737,2025
3/19/2025,ES,2,35,TUT-221,60,30,0,0,NA,NA,NA,NA,NA,ES_size_PM,NA,NA,NA,NA,NA,NA,NA,NA,NA,NA,NA,NA,-14.362476,-170.746348,2025
3/19/2025,ES,2,35,TUT-221,60,25,0,0,NA,NA,NA,NA,NA,ES_size_PM,NA,NA,NA,NA,NA,NA,NA,NA,NA,NA,NA,NA,-14.362476,-170.746348,2025
3/19/2025,ES,2,36,TUT-223,60,NA,NA,NA,40,90,0,NA,NA,ES_size_PM,NA,NA,NA,NA,NA,NA,NA,NA,NA,NA,NA,NA,-14.35909,-170.785248,2025
3/19/2025,ES,2,36,TUT-223,60,NA,NA,NA,15,0,0,NA,NA,ES_size_PM,NA,NA,NA,NA,NA,NA,NA,NA,NA,NA,NA,NA,-14.35909,-170.785248,2025
3/19/2025,ES,2,36,TUT-223,60,NA,NA,NA,45,50,0,NA,NA,ES_size_PM,NA,NA,NA,NA,NA,NA,NA,NA,NA,NA,NA,NA,-14.35909,-170.785248,2025
3/19/2025,ES,2,36,TUT-223,60,NA,NA,NA,16,5,0,NA,NA,ES_size_PM,NA,NA,NA,NA,NA,NA,NA,NA,NA,NA,NA,NA,-14.35909,-170.785248,2025
3/19/2025,ES,2,36,TUT-223,60,NA,NA,NA,17.5,0,0,NA,NA,ES_size_PM,NA,NA,NA,NA,NA,NA,NA,NA,NA,NA,NA,NA,-14.35909,-170.785248,2025
3/19/2025,ES,2,36,TUT-223,60,NA,NA,NA,8,0,0,NA,NA,ES_size_PM,NA,NA,NA,NA,NA,NA,NA,NA,NA,NA,NA,NA,-14.35909,-170.785248,2025
3/19/2025,ES,2,36,TUT-223,60,NA,NA,NA,10,0,0,NA,NA,ES_size_PM,NA,NA,NA,NA,NA,NA,NA,NA,NA,NA,NA,NA,-14.35909,-170.785248,2025
3/19/2025,ES,2,36,TUT-223,60,NA,NA,NA,26,0,0,NA,NA,ES_size_PM,NA,NA,NA,NA,NA,NA,NA,NA,NA,NA,NA,NA,-14.35909,-170.785248,2025
3/19/2025,ES,2,36,TUT-223,60,NA,NA,NA,6,0,0,NA,NA,ES_size_PM,NA,NA,NA,NA,NA,NA,NA,NA,NA,NA,NA,NA,-14.35909,-170.785248,2025
3/19/2025,ES,2,36,TUT-223,60,NA,NA,NA,15,5,0,NA,NA,ES_size_PM,NA,NA,NA,NA,NA,NA,NA,NA,NA,NA,NA,NA,-14.35909,-170.785248,2025
3/19/2025,ES,2,36,TUT-223,60,NA,NA,NA,30,45,0,NA,NA,ES_size_PM,NA,NA,NA,NA,NA,NA,NA,NA,NA,NA,NA,NA,-14.35909,-170.785248,2025
3/19/2025,ES,2,36,TUT-223,60,NA,NA,NA,20,5,0,NA,NA,ES_size_PM,NA,NA,NA,NA,NA,NA,NA,NA,NA,NA,NA,NA,-14.35909,-170.785248,2025
3/19/2025,ES,2,36,TUT-223,60,NA,NA,NA,17.5,0,0,NA,NA,ES_size_PM,NA,NA,NA,NA,NA,NA,NA,NA,NA,NA,NA,NA,-14.35909,-170.785248,2025
3/19/2025,ES,2,36,TUT-223,60,NA,NA,NA,15,0,0,NA,NA,ES_size_PM,NA,NA,NA,NA,NA,NA,NA,NA,NA,NA,NA,NA,-14.35909,-170.785248,2025
3/19/2025,ES,2,36,TUT-223,60,NA,NA,NA,12,3,0,NA,NA,ES_size_PM,NA,NA,NA,NA,NA,NA,NA,NA,NA,NA,NA,NA,-14.35909,-170.785248,2025
3/19/2025,ES,2,36,TUT-223,60,NA,NA,NA,75,65,0,NA,NA,ES_size_PM,NA,NA,NA,NA,NA,NA,NA,NA,NA,NA,NA,NA,-14.35909,-170.785248,2025
3/19/2025,ES,2,36,TUT-223,60,NA,NA,NA,67.5,90,0,NA,NA,ES_size_PM,NA,NA,NA,NA,NA,NA,NA,NA,NA,NA,NA,NA,-14.35909,-170.785248,2025
3/19/2025,ES,2,36,TUT-223,60,NA,NA,NA,32.5,20,0,NA,NA,ES_size_PM,NA,NA,NA,NA,NA,NA,NA,NA,NA,NA,NA,NA,-14.35909,-170.785248,2025
3/19/2025,ES,2,36,TUT-223,60,NA,NA,NA,15,0,0,NA,NA,ES_size_PM,NA,NA,NA,NA,NA,NA,NA,NA,NA,NA,NA,NA,-14.35909,-170.785248,2025
3/19/2025,ES,2,36,TUT-223,60,NA,NA,NA,7,0,0,NA,NA,ES_size_PM,NA,NA,NA,NA,NA,NA,NA,NA,NA,NA,NA,NA,-14.35909,-170.785248,2025
3/19/2025,ES,2,36,TUT-223,60,NA,NA,NA,30,5,0,NA,NA,ES_size_PM,NA,NA,NA,NA,NA,NA,NA,NA,NA,NA,NA,NA,-14.35909,-170.785248,2025
3/19/2025,ES,2,36,TUT-223,60,NA,NA,NA,35,20,0,NA,NA,ES_size_PM,NA,NA,NA,NA,NA,NA,NA,NA,NA,NA,NA,NA,-14.35909,-170.785248,2025
3/19/2025,ES,2,36,TUT-223,60,NA,NA,NA,42.5,20,0,NA,NA,ES_size_PM,NA,NA,NA,NA,NA,NA,NA,NA,NA,NA,NA,NA,-14.35909,-170.785248,2025
3/19/2025,ES,2,36,TUT-223,60,NA,NA,NA,45,20,0,NA,NA,ES_size_PM,NA,NA,NA,NA,NA,NA,NA,NA,NA,NA,NA,NA,-14.35909,-170.785248,2025
3/19/2025,ES,2,36,TUT-223,60,NA,NA,NA,20,0,0,NA,NA,ES_size_PM,NA,NA,NA,NA,NA,NA,NA,NA,NA,NA,NA,NA,-14.35909,-170.785248,2025
3/19/2025,ES,2,36,TUT-223,60,NA,NA,NA,16,5,0,NA,NA,ES_size_PM,NA,NA,NA,NA,NA,NA,NA,NA,NA,NA,NA,NA,-14.35909,-170.785248,2025
3/19/2025,ES,2,36,TUT-223,60,NA,NA,NA,57.5,20,0,NA,NA,ES_size_PM,NA,NA,NA,NA,NA,NA,NA,NA,NA,NA,NA,NA,-14.35909,-170.785248,2025
3/19/2025,ES,2,36,TUT-223,60,NA,NA,NA,45,75,0,NA,NA,ES_size_PM,NA,NA,NA,NA,NA,NA,NA,NA,NA,NA,NA,NA,-14.35909,-170.785248,2025
3/19/2025,ES,2,36,TUT-223,60,NA,NA,NA,5,2,0,NA,NA,ES_size_PM,NA,NA,NA,NA,NA,NA,NA,NA,NA,NA,NA,NA,-14.35909,-170.785248,2025
3/19/2025,ES,2,36,TUT-223,60,NA,NA,NA,22.5,0,0,NA,62 EXTRA ICRA,ES_size_PM,NA,NA,NA,NA,NA,NA,NA,NA,NA,NA,NA,NA,-14.35909,-170.785248,2025
3/19/2025,CSC,4,44,TUT-221,60,34,0,0,NA,NA,NA,NA,classic,CSC_size_PM,NA,NA,NA,NA,NA,NA,NA,NA,NA,NA,NA,NA,-14.362476,-170.746348,2025
3/19/2025,CSC,4,44,TUT-221,60,40,35,0,NA,NA,NA,NA,funky long tapering,CSC_size_PM,NA,NA,NA,NA,NA,NA,NA,NA,NA,NA,NA,NA,-14.362476,-170.746348,2025
3/19/2025,CSC,4,42,TUT-222,60,NA,NA,NA,50,60,0,1,NA,CSC_size_PM,NA,NA,NA,NA,NA,NA,NA,NA,NA,NA,NA,NA,-14.363787,-170.772574,2025
3/19/2025,CSC,4,42,TUT-222,60,NA,NA,NA,40,70,0,1,NA,CSC_size_PM,NA,NA,NA,NA,NA,NA,NA,NA,NA,NA,NA,NA,-14.363787,-170.772574,2025
3/19/2025,CSC,4,42,TUT-222,60,NA,NA,NA,35,65,0,1,NA,CSC_size_PM,NA,NA,NA,NA,NA,NA,NA,NA,NA,NA,NA,NA,-14.363787,-170.772574,2025
3/19/2025,CSC,4,42,TUT-222,60,NA,NA,NA,15,0,0,1,NA,CSC_size_PM,NA,NA,NA,NA,NA,NA,NA,NA,NA,NA,NA,NA,-14.363787,-170.772574,2025
3/19/2025,CSC,4,42,TUT-222,60,NA,NA,NA,40,60,0,1,NA,CSC_size_PM,NA,NA,NA,NA,NA,NA,NA,NA,NA,NA,NA,NA,-14.363787,-170.772574,2025
3/19/2025,CSC,4,42,TUT-222,60,NA,NA,NA,30,10,0,1,NA,CSC_size_PM,NA,NA,NA,NA,NA,NA,NA,NA,NA,NA,NA,NA,-14.363787,-170.772574,2025
3/19/2025,CSC,4,42,TUT-222,60,NA,NA,NA,48,65,0,1,NA,CSC_size_PM,NA,NA,NA,NA,NA,NA,NA,NA,NA,NA,NA,NA,-14.363787,-170.772574,2025
3/19/2025,CSC,4,42,TUT-222,60,NA,NA,NA,46,50,0,1,NA,CSC_size_PM,NA,NA,NA,NA,NA,NA,NA,NA,NA,NA,NA,NA,-14.363787,-170.772574,2025
3/19/2025,CSC,4,42,TUT-222,60,NA,NA,NA,35,60,0,1,NA,CSC_size_PM,NA,NA,NA,NA,NA,NA,NA,NA,NA,NA,NA,NA,-14.363787,-170.772574,2025
3/19/2025,CSC,4,42,TUT-222,60,NA,NA,NA,55,30,0,1,NA,CSC_size_PM,NA,NA,NA,NA,NA,NA,NA,NA,NA,NA,NA,NA,-14.363787,-170.772574,2025
3/19/2025,CSC,4,42,TUT-222,60,NA,NA,NA,34,0,0,1,NA,CSC_size_PM,NA,NA,NA,NA,NA,NA,NA,NA,NA,NA,NA,NA,-14.363787,-170.772574,2025
3/19/2025,CSC,4,42,TUT-222,60,NA,NA,NA,55,40,0,1,NA,CSC_size_PM,NA,NA,NA,NA,NA,NA,NA,NA,NA,NA,NA,NA,-14.363787,-170.772574,2025
3/19/2025,CSC,4,42,TUT-222,60,NA,NA,NA,15,15,0,1,NA,CSC_size_PM,NA,NA,NA,NA,NA,NA,NA,NA,NA,NA,NA,NA,-14.363787,-170.772574,2025
3/19/2025,CSC,4,42,TUT-222,60,NA,NA,NA,25,30,0,1,NA,CSC_size_PM,NA,NA,NA,NA,NA,NA,NA,NA,NA,NA,NA,NA,-14.363787,-170.772574,2025
3/19/2025,CSC,4,42,TUT-222,60,NA,NA,NA,22,10,0,1,NA,CSC_size_PM,NA,NA,NA,NA,NA,NA,NA,NA,NA,NA,NA,NA,-14.363787,-170.772574,2025
3/19/2025,CSC,4,42,TUT-222,60,NA,NA,NA,37,25,0,1,NA,CSC_size_PM,NA,NA,NA,NA,NA,NA,NA,NA,NA,NA,NA,NA,-14.363787,-170.772574,2025
3/19/2025,CSC,4,42,TUT-222,60,NA,NA,NA,10,0,0,1,NA,CSC_size_PM,NA,NA,NA,NA,NA,NA,NA,NA,NA,NA,NA,NA,-14.363787,-170.772574,2025
3/19/2025,CSC,4,42,TUT-222,60,NA,NA,NA,50,25,0,1,NA,CSC_size_PM,NA,NA,NA,NA,NA,NA,NA,NA,NA,NA,NA,NA,-14.363787,-170.772574,2025
3/19/2025,CSC,4,42,TUT-222,60,NA,NA,NA,45,40,0,1,NA,CSC_size_PM,NA,NA,NA,NA,NA,NA,NA,NA,NA,NA,NA,NA,-14.363787,-170.772574,2025
3/19/2025,CSC,4,42,TUT-222,60,NA,NA,NA,35,30,0,1,NA,CSC_size_PM,NA,NA,NA,NA,NA,NA,NA,NA,NA,NA,NA,NA,-14.363787,-170.772574,2025
3/19/2025,CSC,4,42,TUT-222,60,NA,NA,NA,20,50,0,1,NA,CSC_size_PM,NA,NA,NA,NA,NA,NA,NA,NA,NA,NA,NA,NA,-14.363787,-170.772574,2025
3/19/2025,CSC,4,42,TUT-222,60,NA,NA,NA,24,0,0,1,NA,CSC_size_PM,NA,NA,NA,NA,NA,NA,NA,NA,NA,NA,NA,NA,-14.363787,-170.772574,2025
3/19/2025,CSC,4,42,TUT-222,60,NA,NA,NA,22,0,0,1,NA,CSC_size_PM,NA,NA,NA,NA,NA,NA,NA,NA,NA,NA,NA,NA,-14.363787,-170.772574,2025
3/19/2025,CSC,4,42,TUT-222,60,NA,NA,NA,30,10,0,1,NA,CSC_size_PM,NA,NA,NA,NA,NA,NA,NA,NA,NA,NA,NA,NA,-14.363787,-170.772574,2025
3/19/2025,CSC,4,42,TUT-222,60,NA,NA,NA,55,35,0,1,NA,CSC_size_PM,NA,NA,NA,NA,NA,NA,NA,NA,NA,NA,NA,NA,-14.363787,-170.772574,2025
3/19/2025,CSC,4,42,TUT-222,60,NA,NA,NA,42,60,0,1,NA,CSC_size_PM,NA,NA,NA,NA,NA,NA,NA,NA,NA,NA,NA,NA,-14.363787,-170.772574,2025
3/19/2025,CSC,4,42,TUT-222,60,NA,NA,NA,24,25,0,1,NA,CSC_size_PM,NA,NA,NA,NA,NA,NA,NA,NA,NA,NA,NA,NA,-14.363787,-170.772574,2025
3/19/2025,CSC,4,42,TUT-222,60,NA,NA,NA,31,30,0,1,NA,CSC_size_PM,NA,NA,NA,NA,NA,NA,NA,NA,NA,NA,NA,NA,-14.363787,-170.772574,2025
3/19/2025,CSC,4,42,TUT-222,60,NA,NA,NA,42,10,0,1,NA,CSC_size_PM,NA,NA,NA,NA,NA,NA,NA,NA,NA,NA,NA,NA,-14.363787,-170.772574,2025
3/19/2025,CSC,4,42,TUT-222,60,NA,NA,NA,50,85,0,1,NA,CSC_size_PM,NA,NA,NA,NA,NA,NA,NA,NA,NA,NA,NA,NA,-14.363787,-170.772574,2025
3/19/2025,CSC,4,42,TUT-222,60,NA,NA,NA,30,75,0,1,NA,CSC_size_PM,NA,NA,NA,NA,NA,NA,NA,NA,NA,NA,NA,NA,-14.363787,-170.772574,2025
3/19/2025,CSC,4,42,TUT-222,60,NA,NA,NA,74,40,0,1,NA,CSC_size_PM,NA,NA,NA,NA,NA,NA,NA,NA,NA,NA,NA,NA,-14.363787,-170.772574,2025
3/19/2025,CSC,4,36,TUT-223,60,41,0,0,35,60,0,1,NA,CSC_size_PM,NA,NA,NA,NA,NA,NA,NA,NA,NA,NA,NA,NA,-14.35909,-170.785248,2025
3/19/2025,CSC,4,36,TUT-223,60,33,3,0,27,65,0,1,NA,CSC_size_PM,NA,NA,NA,NA,NA,NA,NA,NA,NA,NA,NA,NA,-14.35909,-170.785248,2025
3/19/2025,CSC,4,36,TUT-223,60,NA,NA,NA,26,15,0,1,NA,CSC_size_PM,NA,NA,NA,NA,NA,NA,NA,NA,NA,NA,NA,NA,-14.35909,-170.785248,2025
3/19/2025,CSC,4,36,TUT-223,60,NA,NA,NA,27,10,0,1,NA,CSC_size_PM,NA,NA,NA,NA,NA,NA,NA,NA,NA,NA,NA,NA,-14.35909,-170.785248,2025
3/19/2025,CSC,4,36,TUT-223,60,NA,NA,NA,14,0,0,1,NA,CSC_size_PM,NA,NA,NA,NA,NA,NA,NA,NA,NA,NA,NA,NA,-14.35909,-170.785248,2025
3/19/2025,CSC,4,36,TUT-223,60,NA,NA,NA,74,55,0,1,NA,CSC_size_PM,NA,NA,NA,NA,NA,NA,NA,NA,NA,NA,NA,NA,-14.35909,-170.785248,2025
3/19/2025,CSC,4,36,TUT-223,60,NA,NA,NA,27,30,0,1,NA,CSC_size_PM,NA,NA,NA,NA,NA,NA,NA,NA,NA,NA,NA,NA,-14.35909,-170.785248,2025
3/19/2025,CSC,4,36,TUT-223,60,NA,NA,NA,10,0,0,1,NA,CSC_size_PM,NA,NA,NA,NA,NA,NA,NA,NA,NA,NA,NA,NA,-14.35909,-170.785248,2025
3/19/2025,CSC,4,36,TUT-223,60,NA,NA,NA,6,25,0,1,NA,CSC_size_PM,NA,NA,NA,NA,NA,NA,NA,NA,NA,NA,NA,NA,-14.35909,-170.785248,2025
3/19/2025,CSC,4,36,TUT-223,60,NA,NA,NA,17,40,0,1,NA,CSC_size_PM,NA,NA,NA,NA,NA,NA,NA,NA,NA,NA,NA,NA,-14.35909,-170.785248,2025
3/19/2025,CSC,4,36,TUT-223,60,NA,NA,NA,34,30,0,1,NA,CSC_size_PM,NA,NA,NA,NA,NA,NA,NA,NA,NA,NA,NA,NA,-14.35909,-170.785248,2025
3/19/2025,CSC,4,36,TUT-223,60,NA,NA,NA,6,0,0,1,NA,CSC_size_PM,NA,NA,NA,NA,NA,NA,NA,NA,NA,NA,NA,NA,-14.35909,-170.785248,2025
3/19/2025,CSC,4,36,TUT-223,60,NA,NA,NA,6,25,0,1,NA,CSC_size_PM,NA,NA,NA,NA,NA,NA,NA,NA,NA,NA,NA,NA,-14.35909,-170.785248,2025
3/19/2025,CSC,4,36,TUT-223,60,NA,NA,NA,10,0,0,1,NA,CSC_size_PM,NA,NA,NA,NA,NA,NA,NA,NA,NA,NA,NA,NA,-14.35909,-170.785248,2025
3/19/2025,CSC,4,36,TUT-223,60,NA,NA,NA,12,0,0,1,NA,CSC_size_PM,NA,NA,NA,NA,NA,NA,NA,NA,NA,NA,NA,NA,-14.35909,-170.785248,2025
3/19/2025,CSC,4,36,TUT-223,60,NA,NA,NA,37,75,0,1,NA,CSC_size_PM,NA,NA,NA,NA,NA,NA,NA,NA,NA,NA,NA,NA,-14.35909,-170.785248,2025
3/19/2025,CSC,4,36,TUT-223,60,NA,NA,NA,50,65,0,1,NA,CSC_size_PM,NA,NA,NA,NA,NA,NA,NA,NA,NA,NA,NA,NA,-14.35909,-170.785248,2025
3/19/2025,CSC,4,36,TUT-223,60,NA,NA,NA,5,0,0,1,NA,CSC_size_PM,NA,NA,NA,NA,NA,NA,NA,NA,NA,NA,NA,NA,-14.35909,-170.785248,2025
3/19/2025,CSC,4,36,TUT-223,60,NA,NA,NA,40,30,0,1,NA,CSC_size_PM,NA,NA,NA,NA,NA,NA,NA,NA,NA,NA,NA,NA,-14.35909,-170.785248,2025
3/19/2025,CSC,4,36,TUT-223,60,NA,NA,NA,48,60,0,1,NA,CSC_size_PM,NA,NA,NA,NA,NA,NA,NA,NA,NA,NA,NA,NA,-14.35909,-170.785248,2025
3/19/2025,CSC,4,36,TUT-223,60,NA,NA,NA,17,20,0,1,NA,CSC_size_PM,NA,NA,NA,NA,NA,NA,NA,NA,NA,NA,NA,NA,-14.35909,-170.785248,2025
3/19/2025,CSC,4,36,TUT-223,60,NA,NA,NA,31,5,0,0,NA,CSC_size_PM,NA,NA,NA,NA,NA,NA,NA,NA,NA,NA,NA,NA,-14.35909,-170.785248,2025
3/19/2025,CSC,4,36,TUT-223,60,NA,NA,NA,35,10,0,0,NA,CSC_size_PM,NA,NA,NA,NA,NA,NA,NA,NA,NA,NA,NA,NA,-14.35909,-170.785248,2025
3/19/2025,CSC,4,36,TUT-223,60,NA,NA,NA,25,25,0,0,NA,CSC_size_PM,NA,NA,NA,NA,NA,NA,NA,NA,NA,NA,NA,NA,-14.35909,-170.785248,2025
3/19/2025,CSC,4,36,TUT-223,60,NA,NA,NA,27,60,0,0,NA,CSC_size_PM,NA,NA,NA,NA,NA,NA,NA,NA,NA,NA,NA,NA,-14.35909,-170.785248,2025
3/19/2025,CSC,4,36,TUT-223,60,NA,NA,NA,32,55,0,0,NA,CSC_size_PM,NA,NA,NA,NA,NA,NA,NA,NA,NA,NA,NA,NA,-14.35909,-170.785248,2025
3/19/2025,CSC,4,36,TUT-223,60,NA,NA,NA,7,0,0,0,NA,CSC_size_PM,NA,NA,NA,NA,NA,NA,NA,NA,NA,NA,NA,NA,-14.35909,-170.785248,2025
3/19/2025,CSC,4,36,TUT-223,60,NA,NA,NA,10,0,0,0,NA,CSC_size_PM,NA,NA,NA,NA,NA,NA,NA,NA,NA,NA,NA,NA,-14.35909,-170.785248,2025
3/19/2025,CSC,4,36,TUT-223,60,NA,NA,NA,6,0,0,0,NA,CSC_size_PM,NA,NA,NA,NA,NA,NA,NA,NA,NA,NA,NA,NA,-14.35909,-170.785248,2025
3/19/2025,CSC,4,36,TUT-223,60,NA,NA,NA,7,0,0,0,NA,CSC_size_PM,NA,NA,NA,NA,NA,NA,NA,NA,NA,NA,NA,NA,-14.35909,-170.785248,2025
3/19/2025,KT,3,30,TUT-221,60,15,0,0,NA,NA,NA,0,NA,KT_size_PM,NA,NA,NA,NA,NA,NA,NA,NA,NA,NA,NA,NA,-14.362476,-170.746348,2025
3/19/2025,KT,3,30,TUT-221,60,10,0,0,NA,NA,NA,0,small,KT_size_PM,NA,NA,NA,NA,NA,NA,NA,NA,NA,NA,NA,NA,-14.362476,-170.746348,2025
3/19/2025,KT,3,30,TUT-221,60,40,5,0,NA,NA,NA,0,NA,KT_size_PM,NA,NA,NA,NA,NA,NA,NA,NA,NA,NA,NA,NA,-14.362476,-170.746348,2025
3/19/2025,KT,3,43,TUT-222,60,50,5,0,30,5,0,1,NA,KT_size_PM,NA,NA,NA,NA,NA,NA,NA,NA,NA,NA,NA,NA,-14.363787,-170.772574,2025
3/19/2025,KT,3,43,TUT-222,60,NA,NA,NA,15,0,0,1,NA,KT_size_PM,NA,NA,NA,NA,NA,NA,NA,NA,NA,NA,NA,NA,-14.363787,-170.772574,2025
3/19/2025,KT,3,43,TUT-222,60,NA,NA,NA,70,25,0,1,NA,KT_size_PM,NA,NA,NA,NA,NA,NA,NA,NA,NA,NA,NA,NA,-14.363787,-170.772574,2025
3/19/2025,KT,3,43,TUT-222,60,NA,NA,NA,30,35,0,1,NA,KT_size_PM,NA,NA,NA,NA,NA,NA,NA,NA,NA,NA,NA,NA,-14.363787,-170.772574,2025
3/19/2025,KT,3,43,TUT-222,60,NA,NA,NA,20,10,0,1,NA,KT_size_PM,NA,NA,NA,NA,NA,NA,NA,NA,NA,NA,NA,NA,-14.363787,-170.772574,2025
3/19/2025,KT,3,43,TUT-222,60,NA,NA,NA,60,75,0,1,NA,KT_size_PM,NA,NA,NA,NA,NA,NA,NA,NA,NA,NA,NA,NA,-14.363787,-170.772574,2025
3/19/2025,KT,3,43,TUT-222,60,NA,NA,NA,35,60,0,1,NA,KT_size_PM,NA,NA,NA,NA,NA,NA,NA,NA,NA,NA,NA,NA,-14.363787,-170.772574,2025
3/19/2025,KT,3,43,TUT-222,60,NA,NA,NA,15,20,0,1,NA,KT_size_PM,NA,NA,NA,NA,NA,NA,NA,NA,NA,NA,NA,NA,-14.363787,-170.772574,2025
3/19/2025,KT,3,43,TUT-222,60,NA,NA,NA,25,0,0,1,NA,KT_size_PM,NA,NA,NA,NA,NA,NA,NA,NA,NA,NA,NA,NA,-14.363787,-170.772574,2025
3/19/2025,KT,3,43,TUT-222,60,NA,NA,NA,50,95,0,1,NA,KT_size_PM,NA,NA,NA,NA,NA,NA,NA,NA,NA,NA,NA,NA,-14.363787,-170.772574,2025
3/19/2025,KT,3,43,TUT-222,60,NA,NA,NA,30,15,0,1,NA,KT_size_PM,NA,NA,NA,NA,NA,NA,NA,NA,NA,NA,NA,NA,-14.363787,-170.772574,2025
3/19/2025,KT,3,43,TUT-222,60,NA,NA,NA,20,0,0,1,NA,KT_size_PM,NA,NA,NA,NA,NA,NA,NA,NA,NA,NA,NA,NA,-14.363787,-170.772574,2025
3/19/2025,KT,3,43,TUT-222,60,NA,NA,NA,25,0,0,1,NA,KT_size_PM,NA,NA,NA,NA,NA,NA,NA,NA,NA,NA,NA,NA,-14.363787,-170.772574,2025
3/19/2025,KT,3,43,TUT-222,60,NA,NA,NA,60,98,0,1,NA,KT_size_PM,NA,NA,NA,NA,NA,NA,NA,NA,NA,NA,NA,NA,-14.363787,-170.772574,2025
3/19/2025,KT,3,43,TUT-222,60,NA,NA,NA,45,60,0,1,NA,KT_size_PM,NA,NA,NA,NA,NA,NA,NA,NA,NA,NA,NA,NA,-14.363787,-170.772574,2025
3/19/2025,KT,3,43,TUT-222,60,NA,NA,NA,35,10,0,1,NA,KT_size_PM,NA,NA,NA,NA,NA,NA,NA,NA,NA,NA,NA,NA,-14.363787,-170.772574,2025
3/19/2025,KT,3,43,TUT-222,60,NA,NA,NA,15,0,0,1,NA,KT_size_PM,NA,NA,NA,NA,NA,NA,NA,NA,NA,NA,NA,NA,-14.363787,-170.772574,2025
3/19/2025,KT,3,43,TUT-222,60,NA,NA,NA,20,10,0,1,NA,KT_size_PM,NA,NA,NA,NA,NA,NA,NA,NA,NA,NA,NA,NA,-14.363787,-170.772574,2025
3/19/2025,KT,3,43,TUT-222,60,NA,NA,NA,10,0,0,1,NA,KT_size_PM,NA,NA,NA,NA,NA,NA,NA,NA,NA,NA,NA,NA,-14.363787,-170.772574,2025
3/19/2025,KT,3,43,TUT-222,60,NA,NA,NA,50,15,0,1,NA,KT_size_PM,NA,NA,NA,NA,NA,NA,NA,NA,NA,NA,NA,NA,-14.363787,-170.772574,2025
3/19/2025,KT,3,43,TUT-222,60,NA,NA,NA,40,55,0,1,NA,KT_size_PM,NA,NA,NA,NA,NA,NA,NA,NA,NA,NA,NA,NA,-14.363787,-170.772574,2025
3/19/2025,KT,3,43,TUT-222,60,NA,NA,NA,55,50,0,1,NA,KT_size_PM,NA,NA,NA,NA,NA,NA,NA,NA,NA,NA,NA,NA,-14.363787,-170.772574,2025
3/19/2025,KT,3,43,TUT-222,60,NA,NA,NA,35,60,0,1,NA,KT_size_PM,NA,NA,NA,NA,NA,NA,NA,NA,NA,NA,NA,NA,-14.363787,-170.772574,2025
3/19/2025,KT,3,43,TUT-222,60,NA,NA,NA,50,95,0,1,NA,KT_size_PM,NA,NA,NA,NA,NA,NA,NA,NA,NA,NA,NA,NA,-14.363787,-170.772574,2025
3/19/2025,KT,3,43,TUT-222,60,NA,NA,NA,15,5,0,1,NA,KT_size_PM,NA,NA,NA,NA,NA,NA,NA,NA,NA,NA,NA,NA,-14.363787,-170.772574,2025
3/19/2025,KT,3,43,TUT-222,60,NA,NA,NA,10,0,0,1,NA,KT_size_PM,NA,NA,NA,NA,NA,NA,NA,NA,NA,NA,NA,NA,-14.363787,-170.772574,2025
3/19/2025,KT,3,43,TUT-222,60,NA,NA,NA,40,90,0,1,NA,KT_size_PM,NA,NA,NA,NA,NA,NA,NA,NA,NA,NA,NA,NA,-14.363787,-170.772574,2025
3/19/2025,KT,3,43,TUT-222,60,NA,NA,NA,85,30,0,1,NA,KT_size_PM,NA,NA,NA,NA,NA,NA,NA,NA,NA,NA,NA,NA,-14.363787,-170.772574,2025
3/19/2025,KT,3,43,TUT-222,60,NA,NA,NA,35,70,0,1,NA,KT_size_PM,NA,NA,NA,NA,NA,NA,NA,NA,NA,NA,NA,NA,-14.363787,-170.772574,2025
3/19/2025,KT,3,43,TUT-222,60,NA,NA,NA,35,20,0,1,NA,KT_size_PM,NA,NA,NA,NA,NA,NA,NA,NA,NA,NA,NA,NA,-14.363787,-170.772574,2025
3/19/2025,BH,1,45,TUT-222,60,NA,NA,NA,19,10,0,1,NA,BH_size_PM,NA,NA,NA,NA,NA,NA,NA,NA,NA,NA,NA,NA,-14.363787,-170.772574,2025
3/19/2025,BH,1,45,TUT-222,60,NA,NA,NA,34,5,0,1,NA,BH_size_PM,NA,NA,NA,NA,NA,NA,NA,NA,NA,NA,NA,NA,-14.363787,-170.772574,2025
3/19/2025,BH,1,45,TUT-222,60,NA,NA,NA,13,5,0,1,NA,BH_size_PM,NA,NA,NA,NA,NA,NA,NA,NA,NA,NA,NA,NA,-14.363787,-170.772574,2025
3/19/2025,BH,1,45,TUT-222,60,NA,NA,NA,33,10,0,1,NA,BH_size_PM,NA,NA,NA,NA,NA,NA,NA,NA,NA,NA,NA,NA,-14.363787,-170.772574,2025
3/19/2025,BH,1,45,TUT-222,60,NA,NA,NA,71,40,0,1,NA,BH_size_PM,NA,NA,NA,NA,NA,NA,NA,NA,NA,NA,NA,NA,-14.363787,-170.772574,2025
3/19/2025,BH,1,45,TUT-222,60,NA,NA,NA,60,10,0,1,NA,BH_size_PM,NA,NA,NA,NA,NA,NA,NA,NA,NA,NA,NA,NA,-14.363787,-170.772574,2025
3/19/2025,BH,1,45,TUT-222,60,NA,NA,NA,16,5,0,1,NA,BH_size_PM,NA,NA,NA,NA,NA,NA,NA,NA,NA,NA,NA,NA,-14.363787,-170.772574,2025
3/19/2025,BH,1,45,TUT-222,60,NA,NA,NA,29,5,0,1,NA,BH_size_PM,NA,NA,NA,NA,NA,NA,NA,NA,NA,NA,NA,NA,-14.363787,-170.772574,2025
3/19/2025,BH,1,45,TUT-222,60,NA,NA,NA,53,20,0,1,NA,BH_size_PM,NA,NA,NA,NA,NA,NA,NA,NA,NA,NA,NA,NA,-14.363787,-170.772574,2025
3/19/2025,BH,1,45,TUT-222,60,NA,NA,NA,78,20,0,1,NA,BH_size_PM,NA,NA,NA,NA,NA,NA,NA,NA,NA,NA,NA,NA,-14.363787,-170.772574,2025
3/19/2025,BH,1,45,TUT-222,60,NA,NA,NA,26,15,0,1,NA,BH_size_PM,NA,NA,NA,NA,NA,NA,NA,NA,NA,NA,NA,NA,-14.363787,-170.772574,2025
3/19/2025,BH,1,45,TUT-222,60,NA,NA,NA,15,2,0,1,NA,BH_size_PM,NA,NA,NA,NA,NA,NA,NA,NA,NA,NA,NA,NA,-14.363787,-170.772574,2025
3/19/2025,BH,1,45,TUT-222,60,NA,NA,NA,75,15,0,1,NA,BH_size_PM,NA,NA,NA,NA,NA,NA,NA,NA,NA,NA,NA,NA,-14.363787,-170.772574,2025
3/19/2025,BH,1,45,TUT-222,60,NA,NA,NA,85,45,0,1,NA,BH_size_PM,NA,NA,NA,NA,NA,NA,NA,NA,NA,NA,NA,NA,-14.363787,-170.772574,2025
3/19/2025,BH,1,45,TUT-222,60,NA,NA,NA,75,35,0,1,NA,BH_size_PM,NA,NA,NA,NA,NA,NA,NA,NA,NA,NA,NA,NA,-14.363787,-170.772574,2025
3/19/2025,BH,1,45,TUT-222,60,NA,NA,NA,40,15,0,1,NA,BH_size_PM,NA,NA,NA,NA,NA,NA,NA,NA,NA,NA,NA,NA,-14.363787,-170.772574,2025
3/19/2025,BH,1,45,TUT-222,60,NA,NA,NA,22,5,0,1,NA,BH_size_PM,NA,NA,NA,NA,NA,NA,NA,NA,NA,NA,NA,NA,-14.363787,-170.772574,2025
3/19/2025,BH,1,45,TUT-222,60,NA,NA,NA,52,40,0,1,NA,BH_size_PM,NA,NA,NA,NA,NA,NA,NA,NA,NA,NA,NA,NA,-14.363787,-170.772574,2025
3/19/2025,BH,1,45,TUT-222,60,NA,NA,NA,85,60,0,1,NA,BH_size_PM,NA,NA,NA,NA,NA,NA,NA,NA,NA,NA,NA,NA,-14.363787,-170.772574,2025
3/19/2025,BH,1,45,TUT-222,60,NA,NA,NA,41,60,0,1,NA,BH_size_PM,NA,NA,NA,NA,NA,NA,NA,NA,NA,NA,NA,NA,-14.363787,-170.772574,2025
3/19/2025,BH,1,45,TUT-222,60,NA,NA,NA,57,10,0,1,NA,BH_size_PM,NA,NA,NA,NA,NA,NA,NA,NA,NA,NA,NA,NA,-14.363787,-170.772574,2025
3/19/2025,BH,1,45,TUT-222,60,NA,NA,NA,19,20,0,1,NA,BH_size_PM,NA,NA,NA,NA,NA,NA,NA,NA,NA,NA,NA,NA,-14.363787,-170.772574,2025
3/19/2025,BH,1,45,TUT-222,60,NA,NA,NA,71,50,0,1,NA,BH_size_PM,NA,NA,NA,NA,NA,NA,NA,NA,NA,NA,NA,NA,-14.363787,-170.772574,2025
3/19/2025,BH,1,45,TUT-222,60,NA,NA,NA,50,25,0,1,NA,BH_size_PM,NA,NA,NA,NA,NA,NA,NA,NA,NA,NA,NA,NA,-14.363787,-170.772574,2025
3/19/2025,BH,1,45,TUT-222,60,NA,NA,NA,55,80,0,1,NA,BH_size_PM,NA,NA,NA,NA,NA,NA,NA,NA,NA,NA,NA,NA,-14.363787,-170.772574,2025
3/19/2025,BH,1,45,TUT-222,60,NA,NA,NA,45,15,0,1,NA,BH_size_PM,NA,NA,NA,NA,NA,NA,NA,NA,NA,NA,NA,NA,-14.363787,-170.772574,2025
3/19/2025,BH,1,45,TUT-222,60,NA,NA,NA,30,5,0,1,NA,BH_size_PM,NA,NA,NA,NA,NA,NA,NA,NA,NA,NA,NA,NA,-14.363787,-170.772574,2025
3/19/2025,BH,1,45,TUT-222,60,NA,NA,NA,43,5,0,1,NA,BH_size_PM,NA,NA,NA,NA,NA,NA,NA,NA,NA,NA,NA,NA,-14.363787,-170.772574,2025
3/19/2025,BH,1,45,TUT-222,60,NA,NA,NA,23,10,0,1,NA,BH_size_PM,NA,NA,NA,NA,NA,NA,NA,NA,NA,NA,NA,NA,-14.363787,-170.772574,2025
3/19/2025,BH,1,45,TUT-222,60,NA,NA,NA,58,50,0,1,NA,BH_size_PM,NA,NA,NA,NA,NA,NA,NA,NA,NA,NA,NA,NA,-14.363787,-170.772574,2025
3/19/2025,BH,1,33,TUT-223,60,52,5,0,38,70,0,1,NA,BH_size_PM,NA,NA,NA,NA,NA,NA,NA,NA,NA,NA,NA,NA,-14.35909,-170.785248,2025
3/19/2025,BH,1,33,TUT-223,60,29,65,0,5,0,0,1,NA,BH_size_PM,NA,NA,NA,NA,NA,NA,NA,NA,NA,NA,NA,NA,-14.35909,-170.785248,2025
3/19/2025,BH,1,33,TUT-223,60,NA,NA,NA,21,35,0,1,NA,BH_size_PM,NA,NA,NA,NA,NA,NA,NA,NA,NA,NA,NA,NA,-14.35909,-170.785248,2025
3/19/2025,BH,1,33,TUT-223,60,NA,NA,NA,23,25,0,1,NA,BH_size_PM,NA,NA,NA,NA,NA,NA,NA,NA,NA,NA,NA,NA,-14.35909,-170.785248,2025
3/19/2025,BH,1,33,TUT-223,60,NA,NA,NA,60,90,0,1,NA,BH_size_PM,NA,NA,NA,NA,NA,NA,NA,NA,NA,NA,NA,NA,-14.35909,-170.785248,2025
3/19/2025,BH,1,33,TUT-223,60,NA,NA,NA,5,0,0,1,NA,BH_size_PM,NA,NA,NA,NA,NA,NA,NA,NA,NA,NA,NA,NA,-14.35909,-170.785248,2025
3/19/2025,BH,1,33,TUT-223,60,NA,NA,NA,6,0,0,1,NA,BH_size_PM,NA,NA,NA,NA,NA,NA,NA,NA,NA,NA,NA,NA,-14.35909,-170.785248,2025
3/19/2025,BH,1,33,TUT-223,60,NA,NA,NA,49,95,0,1,NA,BH_size_PM,NA,NA,NA,NA,NA,NA,NA,NA,NA,NA,NA,NA,-14.35909,-170.785248,2025
3/19/2025,BH,1,33,TUT-223,60,NA,NA,NA,7,1,0,1,NA,BH_size_PM,NA,NA,NA,NA,NA,NA,NA,NA,NA,NA,NA,NA,-14.35909,-170.785248,2025
3/19/2025,BH,1,33,TUT-223,60,NA,NA,NA,5,0,0,1,NA,BH_size_PM,NA,NA,NA,NA,NA,NA,NA,NA,NA,NA,NA,NA,-14.35909,-170.785248,2025
3/19/2025,BH,1,33,TUT-223,60,NA,NA,NA,15,0,0,1,NA,BH_size_PM,NA,NA,NA,NA,NA,NA,NA,NA,NA,NA,NA,NA,-14.35909,-170.785248,2025
3/19/2025,BH,1,33,TUT-223,60,NA,NA,NA,5,0,0,1,NA,BH_size_PM,NA,NA,NA,NA,NA,NA,NA,NA,NA,NA,NA,NA,-14.35909,-170.785248,2025
3/19/2025,BH,1,33,TUT-223,60,NA,NA,NA,21,1,0,1,NA,BH_size_PM,NA,NA,NA,NA,NA,NA,NA,NA,NA,NA,NA,NA,-14.35909,-170.785248,2025
3/19/2025,BH,1,33,TUT-223,60,NA,NA,NA,52,35,0,1,NA,BH_size_PM,NA,NA,NA,NA,NA,NA,NA,NA,NA,NA,NA,NA,-14.35909,-170.785248,2025
3/19/2025,BH,1,33,TUT-223,60,NA,NA,NA,44,20,0,1,NA,BH_size_PM,NA,NA,NA,NA,NA,NA,NA,NA,NA,NA,NA,NA,-14.35909,-170.785248,2025
3/19/2025,BH,1,33,TUT-223,60,NA,NA,NA,14,1,0,1,NA,BH_size_PM,NA,NA,NA,NA,NA,NA,NA,NA,NA,NA,NA,NA,-14.35909,-170.785248,2025
3/19/2025,BH,1,33,TUT-223,60,NA,NA,NA,80,65,0,1,NA,BH_size_PM,NA,NA,NA,NA,NA,NA,NA,NA,NA,NA,NA,NA,-14.35909,-170.785248,2025
3/19/2025,BH,1,33,TUT-223,60,NA,NA,NA,20,15,0,1,NA,BH_size_PM,NA,NA,NA,NA,NA,NA,NA,NA,NA,NA,NA,NA,-14.35909,-170.785248,2025
3/19/2025,BH,1,33,TUT-223,60,NA,NA,NA,33,20,0,1,NA,BH_size_PM,NA,NA,NA,NA,NA,NA,NA,NA,NA,NA,NA,NA,-14.35909,-170.785248,2025
3/19/2025,BH,1,33,TUT-223,60,NA,NA,NA,125,85,0,1,NA,BH_size_PM,NA,NA,NA,NA,NA,NA,NA,NA,NA,NA,NA,NA,-14.35909,-170.785248,2025
3/19/2025,BH,1,33,TUT-223,60,NA,NA,NA,16,25,0,1,NA,BH_size_PM,NA,NA,NA,NA,NA,NA,NA,NA,NA,NA,NA,NA,-14.35909,-170.785248,2025
3/19/2025,BH,1,33,TUT-223,60,NA,NA,NA,42,80,0,1,NA,BH_size_PM,NA,NA,NA,NA,NA,NA,NA,NA,NA,NA,NA,NA,-14.35909,-170.785248,2025
3/19/2025,BH,1,33,TUT-223,60,NA,NA,NA,38,85,0,1,NA,BH_size_PM,NA,NA,NA,NA,NA,NA,NA,NA,NA,NA,NA,NA,-14.35909,-170.785248,2025
3/19/2025,BH,1,33,TUT-223,60,NA,NA,NA,10,0,0,1,NA,BH_size_PM,NA,NA,NA,NA,NA,NA,NA,NA,NA,NA,NA,NA,-14.35909,-170.785248,2025
3/19/2025,BH,1,33,TUT-223,60,NA,NA,NA,6,0,0,1,NA,BH_size_PM,NA,NA,NA,NA,NA,NA,NA,NA,NA,NA,NA,NA,-14.35909,-170.785248,2025
3/19/2025,BH,1,33,TUT-223,60,NA,NA,NA,8,0,0,1,NA,BH_size_PM,NA,NA,NA,NA,NA,NA,NA,NA,NA,NA,NA,NA,-14.35909,-170.785248,2025
3/19/2025,BH,1,33,TUT-223,60,NA,NA,NA,59,90,0,1,NA,BH_size_PM,NA,NA,NA,NA,NA,NA,NA,NA,NA,NA,NA,NA,-14.35909,-170.785248,2025
3/19/2025,BH,1,33,TUT-223,60,NA,NA,NA,30,25,0,1,NA,BH_size_PM,NA,NA,NA,NA,NA,NA,NA,NA,NA,NA,NA,NA,-14.35909,-170.785248,2025
3/19/2025,BH,1,33,TUT-223,60,NA,NA,NA,15,0,0,1,NA,BH_size_PM,NA,NA,NA,NA,NA,NA,NA,NA,NA,NA,NA,NA,-14.35909,-170.785248,2025
3/19/2025,BH,1,33,TUT-223,60,NA,NA,NA,20,5,0,0,NA,BH_size_PM,NA,NA,NA,NA,NA,NA,NA,NA,NA,NA,NA,NA,-14.35909,-170.785248,2025
3/21/2025,ES,2,48,TUT-098,60,NA,NA,NA,32.5,8,0,0,NA,ES_size_PM,NA,NA,NA,NA,NA,NA,NA,NA,NA,NA,NA,NA,-14.314128,-170.652116,2025
3/21/2025,KT,3,53,TUT-098,60,NA,NA,NA,40,20,0,1,NA,KT_size_PM,NA,NA,NA,NA,NA,NA,NA,NA,NA,NA,NA,NA,-14.314128,-170.652116,2025
3/21/2025,BH,1,48,TUT-098,60,NA,NA,NA,38,10,0,1,NA,BH_size_PM,NA,NA,NA,NA,NA,NA,NA,NA,NA,NA,NA,NA,-14.314128,-170.652116,2025
3/22/2025,ES,2,47,TUT-224,60,50,0,0,NA,NA,NA,NA,NA,ES_size_PM,NA,NA,NA,NA,NA,NA,NA,NA,NA,NA,NA,NA,-14.249692,-170.630235,2025
3/22/2025,ES,2,47,TUT-224,60,20,0,0,NA,NA,NA,NA,NA,ES_size_PM,NA,NA,NA,NA,NA,NA,NA,NA,NA,NA,NA,NA,-14.249692,-170.630235,2025
3/22/2025,CSC,3,42,TUT-144,60,76,35,0,NA,NA,NA,NA,classic,CSC_size_PM,NA,NA,NA,NA,NA,NA,NA,NA,NA,NA,NA,NA,-14.24708,-170.581465,2025
3/22/2025,CSC,3,42,TUT-144,60,76,35,0,NA,NA,NA,NA,classic,CSC_size_PM,NA,NA,NA,NA,NA,NA,NA,NA,NA,NA,NA,NA,-14.24708,-170.581465,2025
3/22/2025,CSC,3,42,TUT-144,60,7,0,0,NA,NA,NA,NA,baby classic,CSC_size_PM,NA,NA,NA,NA,NA,NA,NA,NA,NA,NA,NA,NA,-14.24708,-170.581465,2025
3/22/2025,CSC,3,42,TUT-144,60,7,0,0,NA,NA,NA,NA,baby classic,CSC_size_PM,NA,NA,NA,NA,NA,NA,NA,NA,NA,NA,NA,NA,-14.24708,-170.581465,2025
3/22/2025,CSC,3,42,TUT-144,60,20,0,0,NA,NA,NA,NA,BB,CSC_size_PM,NA,NA,NA,NA,NA,NA,NA,NA,NA,NA,NA,NA,-14.24708,-170.581465,2025
3/22/2025,CSC,3,42,TUT-144,60,20,0,0,NA,NA,NA,NA,BB,CSC_size_PM,NA,NA,NA,NA,NA,NA,NA,NA,NA,NA,NA,NA,-14.24708,-170.581465,2025
3/22/2025,KT,3,57,TUT-224,60,40,0,0,NA,NA,NA,0,NA,KT_size_PM,NA,NA,NA,NA,NA,NA,NA,NA,NA,NA,NA,NA,-14.249692,-170.630235,2025
3/22/2025,KT,3,57,TUT-224,60,45,2,0,NA,NA,NA,0,NA,KT_size_PM,NA,NA,NA,NA,NA,NA,NA,NA,NA,NA,NA,NA,-14.249692,-170.630235,2025
3/22/2025,KT,3,57,TUT-224,60,77,0,0,NA,NA,NA,0,NA,KT_size_PM,NA,NA,NA,NA,NA,NA,NA,NA,NA,NA,NA,NA,-14.249692,-170.630235,2025
3/22/2025,KT,3,32,TUT-144,60,38,0,0,NA,NA,NA,0,NA,KT_size_PM,NA,NA,NA,NA,NA,NA,NA,NA,NA,NA,NA,NA,-14.24708,-170.581465,2025
3/22/2025,KT,3,32,TUT-144,60,38,0,0,NA,NA,NA,0,NA,KT_size_PM,NA,NA,NA,NA,NA,NA,NA,NA,NA,NA,NA,NA,-14.24708,-170.581465,2025
3/22/2025,KT,3,32,TUT-144,60,55,15,0,NA,NA,NA,0,NA,KT_size_PM,NA,NA,NA,NA,NA,NA,NA,NA,NA,NA,NA,NA,-14.24708,-170.581465,2025
3/22/2025,KT,3,32,TUT-144,60,55,15,0,NA,NA,NA,0,NA,KT_size_PM,NA,NA,NA,NA,NA,NA,NA,NA,NA,NA,NA,NA,-14.24708,-170.581465,2025
3/22/2025,KT,3,32,TUT-144,60,24,0,0,NA,NA,NA,0,NA,KT_size_PM,NA,NA,NA,NA,NA,NA,NA,NA,NA,NA,NA,NA,-14.24708,-170.581465,2025
3/22/2025,KT,3,32,TUT-144,60,24,0,0,NA,NA,NA,0,NA,KT_size_PM,NA,NA,NA,NA,NA,NA,NA,NA,NA,NA,NA,NA,-14.24708,-170.581465,2025
3/22/2025,KT,3,32,TUT-144,60,35,0,0,NA,NA,NA,0,NA,KT_size_PM,NA,NA,NA,NA,NA,NA,NA,NA,NA,NA,NA,NA,-14.24708,-170.581465,2025
3/22/2025,KT,3,32,TUT-144,60,35,0,0,NA,NA,NA,0,NA,KT_size_PM,NA,NA,NA,NA,NA,NA,NA,NA,NA,NA,NA,NA,-14.24708,-170.581465,2025
3/22/2025,BH,1,43,TUT-224,60,46,10,0,NA,NA,NA,NA,NA,BH_size_PM,NA,NA,NA,NA,NA,NA,NA,NA,NA,NA,NA,NA,-14.249692,-170.630235,2025
3/22/2025,BH,1,43,TUT-224,60,40,5,0,NA,NA,NA,NA,NA,BH_size_PM,NA,NA,NA,NA,NA,NA,NA,NA,NA,NA,NA,NA,-14.249692,-170.630235,2025
3/22/2025,BH,1,32,TUT-144,60,30,0,0,NA,NA,NA,NA,NA,BH_size_PM,NA,NA,NA,NA,NA,NA,NA,NA,NA,NA,NA,NA,-14.24708,-170.581465,2025
3/22/2025,BH,1,32,TUT-144,60,30,0,0,NA,NA,NA,NA,NA,BH_size_PM,NA,NA,NA,NA,NA,NA,NA,NA,NA,NA,NA,NA,-14.24708,-170.581465,2025
3/22/2025,BH,1,32,TUT-144,60,39,15,0,NA,NA,NA,NA,NA,BH_size_PM,NA,NA,NA,NA,NA,NA,NA,NA,NA,NA,NA,NA,-14.24708,-170.581465,2025
3/22/2025,BH,1,32,TUT-144,60,39,15,0,NA,NA,NA,NA,NA,BH_size_PM,NA,NA,NA,NA,NA,NA,NA,NA,NA,NA,NA,NA,-14.24708,-170.581465,2025
3/22/2025,BH,1,32,TUT-144,60,28,8,0,NA,NA,NA,NA,NA,BH_size_PM,NA,NA,NA,NA,NA,NA,NA,NA,NA,NA,NA,NA,-14.24708,-170.581465,2025
3/22/2025,BH,1,32,TUT-144,60,28,8,0,NA,NA,NA,NA,NA,BH_size_PM,NA,NA,NA,NA,NA,NA,NA,NA,NA,NA,NA,NA,-14.24708,-170.581465,2025
3/22/2025,BH,1,32,TUT-144,60,43,0,0,NA,NA,NA,NA,NA,BH_size_PM,NA,NA,NA,NA,NA,NA,NA,NA,NA,NA,NA,NA,-14.24708,-170.581465,2025
3/22/2025,BH,1,32,TUT-144,60,43,0,0,NA,NA,NA,NA,NA,BH_size_PM,NA,NA,NA,NA,NA,NA,NA,NA,NA,NA,NA,NA,-14.24708,-170.581465,2025
3/22/2025,BH,1,32,TUT-144,60,38,0,0,NA,NA,NA,NA,NA,BH_size_PM,NA,NA,NA,NA,NA,NA,NA,NA,NA,NA,NA,NA,-14.24708,-170.581465,2025
3/22/2025,BH,1,32,TUT-144,60,38,0,0,NA,NA,NA,NA,NA,BH_size_PM,NA,NA,NA,NA,NA,NA,NA,NA,NA,NA,NA,NA,-14.24708,-170.581465,2025
3/22/2025,BH,1,32,TUT-144,60,25,0,0,NA,NA,NA,NA,NA,BH_size_PM,NA,NA,NA,NA,NA,NA,NA,NA,NA,NA,NA,NA,-14.24708,-170.581465,2025
3/22/2025,BH,1,32,TUT-144,60,25,0,0,NA,NA,NA,NA,NA,BH_size_PM,NA,NA,NA,NA,NA,NA,NA,NA,NA,NA,NA,NA,-14.24708,-170.581465,2025
